timestamp,temperature.gpu,utilization.gpu [%],utilization.memory [%],memory.used [MiB],memory.total [MiB],power.draw [W],fan.speed [%],clocks.current.sm [MHz],clocks.current.memory [MHz]
2026/07/04 19:09:56.511,47.84,0.0 %,0.0 %,2.08 MiB,8477.04 MiB,3.786 W,[N/A],187.2 MHz,421.2 MHz
2026/07/04 19:09:57.511,47.84,0.0 %,0.0 %,2.08 MiB,8477.04 MiB,3.786 W,[N/A],187.2 MHz,421.2 MHz
2026/07/04 19:09:58.511,47.84,0.0 %,0.0 %,2.08 MiB,8477.04 MiB,3.754 W,[N/A],187.2 MHz,421.2 MHz
2026/07/04 19:09:59.511,47.84,0.0 %,0.0 %,2.08 MiB,8477.04 MiB,3.765 W,[N/A],187.2 MHz,421.2 MHz
2026/07/04 19:10:00.511,47.84,0.0 %,0.0 %,2.08 MiB,8477.04 MiB,3.765 W,[N/A],187.2 MHz,421.2 MHz
2026/07/04 19:10:01.511,47.84,0.0 %,0.0 %,2.08 MiB,8477.04 MiB,3.765 W,[N/A],187.2 MHz,421.2 MHz
2026/07/04 19:10:02.511,47.84,0.0 %,0.0 %,2.08 MiB,8477.04 MiB,3.765 W,[N/A],187.2 MHz,421.2 MHz
2026/07/04 19:10:03.511,47.84,0.0 %,0.0 %,2.08 MiB,8477.04 MiB,3.775 W,[N/A],187.2 MHz,421.2 MHz
2026/07/04 19:10:04.511,47.84,0.0 %,0.0 %,2.08 MiB,8477.04 MiB,3.786 W,[N/A],187.2 MHz,421.2 MHz
2026/07/04 19:10:05.511,47.84,0.0 %,0.0 %,2.08 MiB,8477.04 MiB,3.775 W,[N/A],187.2 MHz,421.2 MHz
2026/07/04 19:10:06.511,47.84,0.0 %,0.0 %,2.08 MiB,8477.04 MiB,3.765 W,[N/A],187.2 MHz,421.2 MHz
2026/07/04 19:10:07.511,47.84,0.0 %,0.0 %,2.08 MiB,8477.04 MiB,3.765 W,[N/A],187.2 MHz,421.2 MHz
2026/07/04 19:10:08.511,47.84,0.0 %,0.0 %,2.08 MiB,8477.04 MiB,3.754 W,[N/A],187.2 MHz,421.2 MHz
2026/07/04 19:10:09.511,47.84,0.0 %,0.0 %,2.08 MiB,8477.04 MiB,3.775 W,[N/A],187.2 MHz,421.2 MHz
2026/07/04 19:10:10.511,47.84,0.0 %,0.0 %,2.08 MiB,8477.04 MiB,3.754 W,[N/A],187.2 MHz,421.2 MHz
2026/07/04 19:10:11.511,47.84,0.0 %,0.0 %,2.08 MiB,8477.04 MiB,3.734 W,[N/A],187.2 MHz,421.2 MHz
2026/07/04 19:10:12.511,47.84,0.0 %,0.0 %,2.08 MiB,8477.04 MiB,3.744 W,[N/A],187.2 MHz,421.2 MHz
2026/07/04 19:10:13.511,47.84,0.0 %,0.0 %,2.08 MiB,8477.04 MiB,3.734 W,[N/A],187.2 MHz,421.2 MHz
2026/07/04 19:10:14.511,46.8,0.0 %,0.0 %,2.08 MiB,8477.04 MiB,3.702 W,[N/A],187.2 MHz,421.2 MHz
2026/07/04 19:10:15.511,46.8,0.0 %,0.0 %,2.08 MiB,8477.04 MiB,3.723 W,[N/A],187.2 MHz,421.2 MHz
2026/07/04 19:10:16.511,46.8,0.0 %,0.0 %,2.08 MiB,8477.04 MiB,3.744 W,[N/A],187.2 MHz,421.2 MHz
2026/07/04 19:10:17.511,46.8,0.0 %,0.0 %,2.08 MiB,8477.04 MiB,3.744 W,[N/A],187.2 MHz,421.2 MHz
2026/07/04 19:10:18.511,46.8,0.0 %,0.0 %,2.08 MiB,8477.04 MiB,3.744 W,[N/A],187.2 MHz,421.2 MHz
2026/07/04 19:10:19.511,47.84,0.0 %,0.0 %,2.08 MiB,8477.04 MiB,3.744 W,[N/A],187.2 MHz,421.2 MHz
2026/07/04 19:10:20.511,47.84,0.0 %,0.0 %,2.08 MiB,8477.04 MiB,3.744 W,[N/A],187.2 MHz,421.2 MHz
2026/07/04 19:10:21.511,47.84,0.0 %,0.0 %,2.08 MiB,8477.04 MiB,3.734 W,[N/A],187.2 MHz,421.2 MHz
2026/07/04 19:10:22.511,47.84,0.0 %,0.0 %,2.08 MiB,8477.04 MiB,3.734 W,[N/A],187.2 MHz,421.2 MHz
2026/07/04 19:10:23.511,47.84,0.0 %,0.0 %,2.08 MiB,8477.04 MiB,3.754 W,[N/A],187.2 MHz,421.2 MHz
2026/07/04 19:10:24.511,47.84,0.0 %,0.0 %,2.08 MiB,8477.04 MiB,3.754 W,[N/A],187.2 MHz,421.2 MHz
2026/07/04 19:10:25.511,46.8,0.0 %,0.0 %,2.08 MiB,8477.04 MiB,3.765 W,[N/A],187.2 MHz,421.2 MHz
2026/07/04 19:10:26.511,46.8,0.0 %,0.0 %,2.08 MiB,8477.04 MiB,3.744 W,[N/A],187.2 MHz,421.2 MHz
2026/07/04 19:10:27.511,46.8,0.0 %,0.0 %,2.08 MiB,8477.04 MiB,3.744 W,[N/A],187.2 MHz,421.2 MHz
2026/07/04 19:10:28.511,46.8,0.0 %,0.0 %,2.08 MiB,8477.04 MiB,3.744 W,[N/A],187.2 MHz,421.2 MHz
2026/07/04 19:10:29.511,46.8,0.0 %,0.0 %,2.08 MiB,8477.04 MiB,3.744 W,[N/A],187.2 MHz,421.2 MHz
2026/07/04 19:10:30.511,46.8,0.0 %,0.0 %,2.08 MiB,8477.04 MiB,3.754 W,[N/A],187.2 MHz,421.2 MHz
2026/07/04 19:10:31.511,46.8,0.0 %,0.0 %,2.08 MiB,8477.04 MiB,3.744 W,[N/A],187.2 MHz,421.2 MHz
2026/07/04 19:10:32.511,46.8,0.0 %,0.0 %,2.08 MiB,8477.04 MiB,3.754 W,[N/A],187.2 MHz,421.2 MHz
2026/07/04 19:10:33.511,46.8,0.0 %,0.0 %,2.08 MiB,8477.04 MiB,3.754 W,[N/A],187.2 MHz,421.2 MHz
2026/07/04 19:10:34.511,46.8,0.0 %,0.0 %,2.08 MiB,8477.04 MiB,3.744 W,[N/A],187.2 MHz,421.2 MHz
2026/07/04 19:10:35.511,46.8,0.0 %,0.0 %,2.08 MiB,8477.04 MiB,3.754 W,[N/A],187.2 MHz,421.2 MHz
2026/07/04 19:10:36.511,46.8,0.0 %,0.0 %,2.08 MiB,8477.04 MiB,3.744 W,[N/A],187.2 MHz,421.2 MHz
2026/07/04 19:10:37.511,46.8,0.0 %,0.0 %,2.08 MiB,8477.04 MiB,3.754 W,[N/A],187.2 MHz,421.2 MHz
2026/07/04 19:10:38.511,46.8,0.0 %,0.0 %,2.08 MiB,8477.04 MiB,3.765 W,[N/A],187.2 MHz,421.2 MHz
2026/07/04 19:10:39.511,46.8,0.0 %,0.0 %,2.08 MiB,8477.04 MiB,3.754 W,[N/A],187.2 MHz,421.2 MHz
2026/07/04 19:10:40.511,46.8,0.0 %,0.0 %,2.08 MiB,8477.04 MiB,3.754 W,[N/A],187.2 MHz,421.2 MHz
2026/07/04 19:10:41.511,46.8,0.0 %,0.0 %,2.08 MiB,8477.04 MiB,3.744 W,[N/A],187.2 MHz,421.2 MHz
2026/07/04 19:10:42.511,46.8,0.0 %,0.0 %,2.08 MiB,8477.04 MiB,3.754 W,[N/A],187.2 MHz,421.2 MHz
2026/07/04 19:10:43.511,46.8,0.0 %,0.0 %,2.08 MiB,8477.04 MiB,3.744 W,[N/A],187.2 MHz,421.2 MHz
2026/07/04 19:10:44.511,46.8,0.0 %,0.0 %,2.08 MiB,8477.04 MiB,3.734 W,[N/A],187.2 MHz,421.2 MHz
2026/07/04 19:10:45.511,46.8,0.0 %,0.0 %,2.08 MiB,8477.04 MiB,3.765 W,[N/A],187.2 MHz,421.2 MHz
2026/07/04 19:10:46.511,46.8,0.0 %,0.0 %,2.08 MiB,8477.04 MiB,3.754 W,[N/A],187.2 MHz,421.2 MHz
2026/07/04 19:10:47.511,46.8,0.0 %,0.0 %,2.08 MiB,8477.04 MiB,3.734 W,[N/A],187.2 MHz,421.2 MHz
2026/07/04 19:10:48.511,46.8,0.0 %,0.0 %,2.08 MiB,8477.04 MiB,3.744 W,[N/A],187.2 MHz,421.2 MHz
2026/07/04 19:10:49.511,46.8,0.0 %,0.0 %,2.08 MiB,8477.04 MiB,3.754 W,[N/A],178.88 MHz,421.2 MHz
2026/07/04 19:10:50.511,46.8,0.0 %,0.0 %,2.08 MiB,8477.04 MiB,3.754 W,[N/A],187.2 MHz,421.2 MHz
2026/07/04 19:10:51.511,46.8,0.0 %,0.0 %,147.68 MiB,8477.04 MiB,12.241 W,[N/A],187.2 MHz,11441.04 MHz
2026/07/04 19:10:52.511,52.0,96.72 %,0.0 %,147.68 MiB,8477.04 MiB,35.017 W,[N/A],2917.2 MHz,12481.04 MHz
2026/07/04 19:10:53.511,53.04,96.72 %,0.0 %,147.68 MiB,8477.04 MiB,38.095 W,[N/A],2917.2 MHz,12481.04 MHz
2026/07/04 19:10:54.511,53.04,96.72 %,0.0 %,147.68 MiB,8477.04 MiB,38.137 W,[N/A],2917.2 MHz,12481.04 MHz
2026/07/04 19:10:55.511,53.04,96.72 %,0.0 %,147.68 MiB,8477.04 MiB,38.147 W,[N/A],2917.2 MHz,12481.04 MHz
2026/07/04 19:10:56.511,53.04,71.76 %,0.0 %,147.68 MiB,8477.04 MiB,33.478 W,[N/A],2948.4 MHz,12481.04 MHz
2026/07/04 19:10:57.511,53.04,72.8 %,0.0 %,147.68 MiB,8477.04 MiB,33.082 W,[N/A],2940.08 MHz,12481.04 MHz
2026/07/04 19:10:58.511,53.04,72.8 %,0.0 %,147.68 MiB,8477.04 MiB,33.103 W,[N/A],2948.4 MHz,12481.04 MHz
2026/07/04 19:10:59.511,53.04,72.8 %,0.0 %,147.68 MiB,8477.04 MiB,33.051 W,[N/A],2948.4 MHz,12481.04 MHz
2026/07/04 19:11:00.511,53.04,73.84 %,0.0 %,147.68 MiB,8477.04 MiB,33.426 W,[N/A],2948.4 MHz,12481.04 MHz
2026/07/04 19:11:01.511,55.12,95.68 %,0.0 %,147.68 MiB,8477.04 MiB,37.877 W,[N/A],2955.68 MHz,12481.04 MHz
2026/07/04 19:11:02.511,55.12,95.68 %,0.0 %,147.68 MiB,8477.04 MiB,38.74 W,[N/A],2948.4 MHz,12481.04 MHz
2026/07/04 19:11:03.511,55.12,95.68 %,0.0 %,189.28 MiB,8477.04 MiB,38.771 W,[N/A],2948.4 MHz,12481.04 MHz
2026/07/04 19:11:04.511,55.12,104.0 %,1.04 %,189.28 MiB,8477.04 MiB,39.426 W,[N/A],2839.2 MHz,12481.04 MHz
2026/07/04 19:11:05.511,55.12,104.0 %,1.04 %,189.28 MiB,8477.04 MiB,39.364 W,[N/A],2846.48 MHz,12481.04 MHz
2026/07/04 19:11:06.511,55.12,104.0 %,1.04 %,189.28 MiB,8477.04 MiB,39.374 W,[N/A],2839.2 MHz,12481.04 MHz
2026/07/04 19:11:07.511,56.16,104.0 %,1.04 %,189.28 MiB,8477.04 MiB,39.416 W,[N/A],2839.2 MHz,12481.04 MHz
2026/07/04 19:11:08.511,56.16,104.0 %,1.04 %,189.28 MiB,8477.04 MiB,39.437 W,[N/A],2839.2 MHz,12481.04 MHz
2026/07/04 19:11:09.511,56.16,104.0 %,1.04 %,189.28 MiB,8477.04 MiB,39.437 W,[N/A],2839.2 MHz,12481.04 MHz
2026/07/04 19:11:10.511,56.16,104.0 %,1.04 %,189.28 MiB,8477.04 MiB,39.395 W,[N/A],2839.2 MHz,12481.04 MHz
2026/07/04 19:11:11.511,56.16,102.96 %,1.04 %,189.28 MiB,8477.04 MiB,39.426 W,[N/A],2846.48 MHz,12481.04 MHz
2026/07/04 19:11:12.511,56.16,104.0 %,1.04 %,189.28 MiB,8477.04 MiB,39.426 W,[N/A],2846.48 MHz,12481.04 MHz
2026/07/04 19:11:13.511,57.2,104.0 %,1.04 %,189.28 MiB,8477.04 MiB,39.468 W,[N/A],2846.48 MHz,12481.04 MHz
2026/07/04 19:11:14.511,57.2,104.0 %,1.04 %,189.28 MiB,8477.04 MiB,39.478 W,[N/A],2839.2 MHz,12481.04 MHz
2026/07/04 19:11:15.511,57.2,104.0 %,1.04 %,289.12 MiB,8477.04 MiB,39.489 W,[N/A],2830.88 MHz,12481.04 MHz
2026/07/04 19:11:16.511,57.2,104.0 %,3.12 %,289.12 MiB,8477.04 MiB,41.059 W,[N/A],2823.6 MHz,12481.04 MHz
2026/07/04 19:11:17.511,57.2,104.0 %,3.12 %,289.12 MiB,8477.04 MiB,41.07 W,[N/A],2823.6 MHz,12481.04 MHz
2026/07/04 19:11:18.511,57.2,104.0 %,3.12 %,289.12 MiB,8477.04 MiB,41.09 W,[N/A],2823.6 MHz,12481.04 MHz
2026/07/04 19:11:19.511,57.2,104.0 %,3.12 %,289.12 MiB,8477.04 MiB,41.122 W,[N/A],2823.6 MHz,12481.04 MHz
2026/07/04 19:11:20.511,57.2,104.0 %,3.12 %,289.12 MiB,8477.04 MiB,41.07 W,[N/A],2823.6 MHz,12481.04 MHz
2026/07/04 19:11:21.511,58.24,104.0 %,3.12 %,289.12 MiB,8477.04 MiB,41.142 W,[N/A],2823.6 MHz,12481.04 MHz
2026/07/04 19:11:22.511,58.24,104.0 %,3.12 %,289.12 MiB,8477.04 MiB,41.142 W,[N/A],2823.6 MHz,12481.04 MHz
2026/07/04 19:11:23.511,58.24,104.0 %,3.12 %,289.12 MiB,8477.04 MiB,41.122 W,[N/A],2823.6 MHz,12481.04 MHz
2026/07/04 19:11:24.511,58.24,104.0 %,3.12 %,289.12 MiB,8477.04 MiB,41.153 W,[N/A],2823.6 MHz,12481.04 MHz
2026/07/04 19:11:25.511,58.24,104.0 %,3.12 %,289.12 MiB,8477.04 MiB,41.205 W,[N/A],2823.6 MHz,12481.04 MHz
2026/07/04 19:11:26.511,58.24,104.0 %,3.12 %,289.12 MiB,8477.04 MiB,41.236 W,[N/A],2823.6 MHz,12481.04 MHz
2026/07/04 19:11:27.511,58.24,104.0 %,3.12 %,488.8 MiB,8477.04 MiB,41.215 W,[N/A],2823.6 MHz,12481.04 MHz
2026/07/04 19:11:28.511,58.24,104.0 %,3.12 %,488.8 MiB,8477.04 MiB,41.226 W,[N/A],2792.4 MHz,12481.04 MHz
2026/07/04 19:11:29.511,59.28,104.0 %,3.12 %,488.8 MiB,8477.04 MiB,41.059 W,[N/A],2792.4 MHz,12481.04 MHz
2026/07/04 19:11:30.511,59.28,104.0 %,3.12 %,488.8 MiB,8477.04 MiB,41.132 W,[N/A],2792.4 MHz,12481.04 MHz
2026/07/04 19:11:31.511,59.28,104.0 %,3.12 %,488.8 MiB,8477.04 MiB,41.111 W,[N/A],2792.4 MHz,12481.04 MHz
2026/07/04 19:11:32.511,59.28,104.0 %,3.12 %,488.8 MiB,8477.04 MiB,41.142 W,[N/A],2792.4 MHz,12481.04 MHz
2026/07/04 19:11:33.511,59.28,104.0 %,3.12 %,488.8 MiB,8477.04 MiB,41.09 W,[N/A],2792.4 MHz,12481.04 MHz
2026/07/04 19:11:34.511,59.28,104.0 %,3.12 %,488.8 MiB,8477.04 MiB,41.153 W,[N/A],2799.68 MHz,12481.04 MHz
2026/07/04 19:11:35.511,59.28,104.0 %,3.12 %,488.8 MiB,8477.04 MiB,41.132 W,[N/A],2792.4 MHz,12481.04 MHz
2026/07/04 19:11:36.511,59.28,104.0 %,3.12 %,488.8 MiB,8477.04 MiB,41.215 W,[N/A],2799.68 MHz,12481.04 MHz
2026/07/04 19:11:37.511,59.28,104.0 %,3.12 %,488.8 MiB,8477.04 MiB,41.215 W,[N/A],2799.68 MHz,12481.04 MHz
2026/07/04 19:11:38.511,59.28,104.0 %,3.12 %,488.8 MiB,8477.04 MiB,41.122 W,[N/A],2792.4 MHz,12481.04 MHz
2026/07/04 19:11:39.511,59.28,104.0 %,3.12 %,813.28 MiB,8477.04 MiB,41.194 W,[N/A],2792.4 MHz,12481.04 MHz
2026/07/04 19:11:40.511,59.28,104.0 %,3.12 %,813.28 MiB,8477.04 MiB,41.111 W,[N/A],2776.8 MHz,12481.04 MHz
2026/07/04 19:11:41.511,59.28,104.0 %,3.12 %,813.28 MiB,8477.04 MiB,41.122 W,[N/A],2776.8 MHz,12481.04 MHz
2026/07/04 19:11:42.511,59.28,104.0 %,3.12 %,813.28 MiB,8477.04 MiB,41.142 W,[N/A],2776.8 MHz,12481.04 MHz
2026/07/04 19:11:43.511,59.28,104.0 %,3.12 %,813.28 MiB,8477.04 MiB,41.132 W,[N/A],2776.8 MHz,12481.04 MHz
2026/07/04 19:11:44.511,59.28,104.0 %,3.12 %,813.28 MiB,8477.04 MiB,41.111 W,[N/A],2776.8 MHz,12481.04 MHz
2026/07/04 19:11:45.511,59.28,104.0 %,3.12 %,813.28 MiB,8477.04 MiB,41.111 W,[N/A],2776.8 MHz,12481.04 MHz
2026/07/04 19:11:46.511,59.28,104.0 %,3.12 %,813.28 MiB,8477.04 MiB,41.09 W,[N/A],2776.8 MHz,12481.04 MHz
2026/07/04 19:11:47.511,59.28,104.0 %,3.12 %,813.28 MiB,8477.04 MiB,41.122 W,[N/A],2776.8 MHz,12481.04 MHz
2026/07/04 19:11:48.511,59.28,104.0 %,3.12 %,813.28 MiB,8477.04 MiB,41.059 W,[N/A],2776.8 MHz,12481.04 MHz
2026/07/04 19:11:49.511,59.28,104.0 %,3.12 %,813.28 MiB,8477.04 MiB,41.07 W,[N/A],2776.8 MHz,12481.04 MHz
2026/07/04 19:11:50.511,59.28,104.0 %,3.12 %,813.28 MiB,8477.04 MiB,41.07 W,[N/A],2776.8 MHz,12481.04 MHz
2026/07/04 19:11:51.511,59.28,104.0 %,3.12 %,1243.84 MiB,8477.04 MiB,41.07 W,[N/A],2776.8 MHz,12481.04 MHz
2026/07/04 19:11:52.511,58.24,104.0 %,5.2 %,1387.36 MiB,8477.04 MiB,42.234 W,[N/A],2761.2 MHz,12481.04 MHz
2026/07/04 19:11:53.511,59.28,104.0 %,6.24 %,1387.36 MiB,8477.04 MiB,42.297 W,[N/A],2768.48 MHz,12481.04 MHz
2026/07/04 19:11:54.511,58.24,104.0 %,6.24 %,1387.36 MiB,8477.04 MiB,42.411 W,[N/A],2761.2 MHz,12481.04 MHz
2026/07/04 19:11:55.511,59.28,104.0 %,5.2 %,1387.36 MiB,8477.04 MiB,42.38 W,[N/A],2761.2 MHz,12481.04 MHz
2026/07/04 19:11:56.511,59.28,104.0 %,6.24 %,1387.36 MiB,8477.04 MiB,42.349 W,[N/A],2761.2 MHz,12481.04 MHz
2026/07/04 19:11:57.511,59.28,104.0 %,6.24 %,1387.36 MiB,8477.04 MiB,42.39 W,[N/A],2761.2 MHz,12481.04 MHz
2026/07/04 19:11:58.511,59.28,104.0 %,5.2 %,1387.36 MiB,8477.04 MiB,42.442 W,[N/A],2761.2 MHz,12481.04 MHz
2026/07/04 19:11:59.511,58.24,104.0 %,6.24 %,1387.36 MiB,8477.04 MiB,42.401 W,[N/A],2761.2 MHz,12481.04 MHz
2026/07/04 19:12:00.511,59.28,104.0 %,6.24 %,1387.36 MiB,8477.04 MiB,42.37 W,[N/A],2761.2 MHz,12481.04 MHz
2026/07/04 19:12:01.511,59.28,104.0 %,5.2 %,1387.36 MiB,8477.04 MiB,42.359 W,[N/A],2761.2 MHz,12481.04 MHz
2026/07/04 19:12:02.511,59.28,104.0 %,6.24 %,1387.36 MiB,8477.04 MiB,42.401 W,[N/A],2768.48 MHz,12481.04 MHz
2026/07/04 19:12:03.511,59.28,104.0 %,5.2 %,1387.36 MiB,8477.04 MiB,42.37 W,[N/A],2761.2 MHz,12481.04 MHz
2026/07/04 19:12:04.511,59.28,104.0 %,5.2 %,1387.36 MiB,8477.04 MiB,42.38 W,[N/A],2761.2 MHz,12481.04 MHz
2026/07/04 19:12:05.511,59.28,104.0 %,6.24 %,1387.36 MiB,8477.04 MiB,42.422 W,[N/A],2761.2 MHz,12481.04 MHz
2026/07/04 19:12:06.511,59.28,104.0 %,5.2 %,1387.36 MiB,8477.04 MiB,42.359 W,[N/A],2761.2 MHz,12481.04 MHz
2026/07/04 19:12:07.511,59.28,104.0 %,5.2 %,1387.36 MiB,8477.04 MiB,42.39 W,[N/A],2761.2 MHz,12481.04 MHz
2026/07/04 19:12:08.511,59.28,104.0 %,6.24 %,1387.36 MiB,8477.04 MiB,42.411 W,[N/A],2761.2 MHz,12481.04 MHz
2026/07/04 19:12:09.511,59.28,104.0 %,6.24 %,1387.36 MiB,8477.04 MiB,42.39 W,[N/A],2761.2 MHz,12481.04 MHz
2026/07/04 19:12:10.511,59.28,104.0 %,5.2 %,1387.36 MiB,8477.04 MiB,42.463 W,[N/A],2761.2 MHz,12481.04 MHz
2026/07/04 19:12:11.511,59.28,104.0 %,6.24 %,1387.36 MiB,8477.04 MiB,42.38 W,[N/A],2761.2 MHz,12481.04 MHz
2026/07/04 19:12:12.511,59.28,104.0 %,5.2 %,1387.36 MiB,8477.04 MiB,42.37 W,[N/A],2761.2 MHz,12481.04 MHz
2026/07/04 19:12:13.511,59.28,104.0 %,6.24 %,1387.36 MiB,8477.04 MiB,42.37 W,[N/A],2761.2 MHz,12481.04 MHz
2026/07/04 19:12:14.511,59.28,104.0 %,6.24 %,1387.36 MiB,8477.04 MiB,42.411 W,[N/A],2761.2 MHz,12481.04 MHz
2026/07/04 19:12:15.511,59.28,104.0 %,5.2 %,1387.36 MiB,8477.04 MiB,42.38 W,[N/A],2761.2 MHz,12481.04 MHz
2026/07/04 19:12:16.511,59.28,104.0 %,6.24 %,1387.36 MiB,8477.04 MiB,42.432 W,[N/A],2761.2 MHz,12481.04 MHz
2026/07/04 19:12:17.511,59.28,104.0 %,6.24 %,1387.36 MiB,8477.04 MiB,42.38 W,[N/A],2761.2 MHz,12481.04 MHz
2026/07/04 19:12:18.511,59.28,104.0 %,5.2 %,1387.36 MiB,8477.04 MiB,42.39 W,[N/A],2761.2 MHz,12481.04 MHz
2026/07/04 19:12:19.511,59.28,104.0 %,6.24 %,1387.36 MiB,8477.04 MiB,42.432 W,[N/A],2761.2 MHz,12481.04 MHz
2026/07/04 19:12:20.511,59.28,104.0 %,6.24 %,1387.36 MiB,8477.04 MiB,42.422 W,[N/A],2761.2 MHz,12481.04 MHz
2026/07/04 19:12:21.511,59.28,104.0 %,5.2 %,1387.36 MiB,8477.04 MiB,42.411 W,[N/A],2752.88 MHz,12481.04 MHz
2026/07/04 19:12:22.511,59.28,104.0 %,6.24 %,1387.36 MiB,8477.04 MiB,42.359 W,[N/A],2761.2 MHz,12481.04 MHz
2026/07/04 19:12:23.511,59.28,104.0 %,6.24 %,1387.36 MiB,8477.04 MiB,42.401 W,[N/A],2761.2 MHz,12481.04 MHz
2026/07/04 19:12:24.511,59.28,104.0 %,5.2 %,1387.36 MiB,8477.04 MiB,42.453 W,[N/A],2752.88 MHz,12481.04 MHz
2026/07/04 19:12:25.511,59.28,104.0 %,6.24 %,1387.36 MiB,8477.04 MiB,42.38 W,[N/A],2761.2 MHz,12481.04 MHz
2026/07/04 19:12:26.511,59.28,104.0 %,6.24 %,1387.36 MiB,8477.04 MiB,42.442 W,[N/A],2761.2 MHz,12481.04 MHz
2026/07/04 19:12:27.511,59.28,104.0 %,5.2 %,1387.36 MiB,8477.04 MiB,42.422 W,[N/A],2761.2 MHz,12481.04 MHz
2026/07/04 19:12:28.511,60.32,104.0 %,6.24 %,1387.36 MiB,8477.04 MiB,42.38 W,[N/A],2761.2 MHz,12481.04 MHz
2026/07/04 19:12:29.511,60.32,104.0 %,5.2 %,1387.36 MiB,8477.04 MiB,42.515 W,[N/A],2761.2 MHz,12481.04 MHz
2026/07/04 19:12:30.511,60.32,104.0 %,5.2 %,1387.36 MiB,8477.04 MiB,42.442 W,[N/A],2761.2 MHz,12481.04 MHz
2026/07/04 19:12:31.511,60.32,104.0 %,6.24 %,1387.36 MiB,8477.04 MiB,42.494 W,[N/A],2761.2 MHz,12481.04 MHz
2026/07/04 19:12:32.511,60.32,104.0 %,5.2 %,1387.36 MiB,8477.04 MiB,42.453 W,[N/A],2761.2 MHz,12481.04 MHz
2026/07/04 19:12:33.511,60.32,104.0 %,5.2 %,1387.36 MiB,8477.04 MiB,42.442 W,[N/A],2761.2 MHz,12481.04 MHz
2026/07/04 19:12:34.511,60.32,104.0 %,6.24 %,1387.36 MiB,8477.04 MiB,42.442 W,[N/A],2761.2 MHz,12481.04 MHz
2026/07/04 19:12:35.511,60.32,104.0 %,5.2 %,1387.36 MiB,8477.04 MiB,42.453 W,[N/A],2752.88 MHz,12481.04 MHz
2026/07/04 19:12:36.511,60.32,104.0 %,6.24 %,1387.36 MiB,8477.04 MiB,42.515 W,[N/A],2752.88 MHz,12481.04 MHz
2026/07/04 19:12:37.511,60.32,104.0 %,6.24 %,1387.36 MiB,8477.04 MiB,42.474 W,[N/A],2761.2 MHz,12481.04 MHz
2026/07/04 19:12:38.511,60.32,104.0 %,5.2 %,1387.36 MiB,8477.04 MiB,42.463 W,[N/A],2752.88 MHz,12481.04 MHz
2026/07/04 19:12:39.511,60.32,104.0 %,6.24 %,1387.36 MiB,8477.04 MiB,42.546 W,[N/A],2761.2 MHz,12481.04 MHz
2026/07/04 19:12:40.511,60.32,104.0 %,6.24 %,1387.36 MiB,8477.04 MiB,42.557 W,[N/A],2761.2 MHz,12481.04 MHz
2026/07/04 19:12:41.511,60.32,104.0 %,5.2 %,1387.36 MiB,8477.04 MiB,42.484 W,[N/A],2761.2 MHz,12481.04 MHz
2026/07/04 19:12:42.511,60.32,104.0 %,6.24 %,1387.36 MiB,8477.04 MiB,42.536 W,[N/A],2761.2 MHz,12481.04 MHz
2026/07/04 19:12:43.511,60.32,104.0 %,6.24 %,1387.36 MiB,8477.04 MiB,42.536 W,[N/A],2761.2 MHz,12481.04 MHz
2026/07/04 19:12:44.511,60.32,104.0 %,5.2 %,1387.36 MiB,8477.04 MiB,42.526 W,[N/A],2761.2 MHz,12481.04 MHz
2026/07/04 19:12:45.511,60.32,104.0 %,6.24 %,1387.36 MiB,8477.04 MiB,42.536 W,[N/A],2761.2 MHz,12481.04 MHz
2026/07/04 19:12:46.511,60.32,104.0 %,6.24 %,1387.36 MiB,8477.04 MiB,42.515 W,[N/A],2761.2 MHz,12481.04 MHz
2026/07/04 19:12:47.511,60.32,104.0 %,5.2 %,1387.36 MiB,8477.04 MiB,42.484 W,[N/A],2752.88 MHz,12481.04 MHz
2026/07/04 19:12:48.511,60.32,104.0 %,6.24 %,1387.36 MiB,8477.04 MiB,42.463 W,[N/A],2761.2 MHz,12481.04 MHz
2026/07/04 19:12:49.511,60.32,104.0 %,6.24 %,1387.36 MiB,8477.04 MiB,42.526 W,[N/A],2761.2 MHz,12481.04 MHz
2026/07/04 19:12:50.511,60.32,104.0 %,5.2 %,1387.36 MiB,8477.04 MiB,42.588 W,[N/A],2761.2 MHz,12481.04 MHz
2026/07/04 19:12:51.511,60.32,104.0 %,6.24 %,1387.36 MiB,8477.04 MiB,42.546 W,[N/A],2761.2 MHz,12481.04 MHz
2026/07/04 19:12:52.511,60.32,104.0 %,6.24 %,1387.36 MiB,8477.04 MiB,42.494 W,[N/A],2752.88 MHz,12481.04 MHz
2026/07/04 19:12:53.511,61.36,104.0 %,5.2 %,1387.36 MiB,8477.04 MiB,42.567 W,[N/A],2761.2 MHz,12481.04 MHz
2026/07/04 19:12:54.511,61.36,104.0 %,6.24 %,1387.36 MiB,8477.04 MiB,42.619 W,[N/A],2761.2 MHz,12481.04 MHz
2026/07/04 19:12:55.511,61.36,104.0 %,5.2 %,1387.36 MiB,8477.04 MiB,42.588 W,[N/A],2752.88 MHz,12481.04 MHz
2026/07/04 19:12:56.511,61.36,104.0 %,5.2 %,1387.36 MiB,8477.04 MiB,42.536 W,[N/A],2752.88 MHz,12481.04 MHz
2026/07/04 19:12:57.511,61.36,104.0 %,6.24 %,1387.36 MiB,8477.04 MiB,42.494 W,[N/A],2761.2 MHz,12481.04 MHz
2026/07/04 19:12:58.511,61.36,104.0 %,5.2 %,1387.36 MiB,8477.04 MiB,42.526 W,[N/A],2761.2 MHz,12481.04 MHz
2026/07/04 19:12:59.511,61.36,104.0 %,5.2 %,1387.36 MiB,8477.04 MiB,42.557 W,[N/A],2752.88 MHz,12481.04 MHz
2026/07/04 19:13:00.511,61.36,104.0 %,6.24 %,1387.36 MiB,8477.04 MiB,42.494 W,[N/A],2761.2 MHz,12481.04 MHz
2026/07/04 19:13:01.511,61.36,104.0 %,6.24 %,1387.36 MiB,8477.04 MiB,42.609 W,[N/A],2761.2 MHz,12481.04 MHz
2026/07/04 19:13:02.511,61.36,104.0 %,6.24 %,1387.36 MiB,8477.04 MiB,42.567 W,[N/A],2752.88 MHz,12481.04 MHz
2026/07/04 19:13:03.511,61.36,104.0 %,6.24 %,1387.36 MiB,8477.04 MiB,42.515 W,[N/A],2761.2 MHz,12481.04 MHz
2026/07/04 19:13:04.511,61.36,104.0 %,5.2 %,1387.36 MiB,8477.04 MiB,42.567 W,[N/A],2761.2 MHz,12481.04 MHz
2026/07/04 19:13:05.511,61.36,104.0 %,6.24 %,1387.36 MiB,8477.04 MiB,42.598 W,[N/A],2761.2 MHz,12481.04 MHz
2026/07/04 19:13:06.511,61.36,104.0 %,6.24 %,1387.36 MiB,8477.04 MiB,42.578 W,[N/A],2761.2 MHz,12481.04 MHz
2026/07/04 19:13:07.511,61.36,104.0 %,5.2 %,1387.36 MiB,8477.04 MiB,42.578 W,[N/A],2761.2 MHz,12481.04 MHz
2026/07/04 19:13:08.511,61.36,104.0 %,6.24 %,1387.36 MiB,8477.04 MiB,42.567 W,[N/A],2761.2 MHz,12481.04 MHz
2026/07/04 19:13:09.511,61.36,104.0 %,6.24 %,1387.36 MiB,8477.04 MiB,42.609 W,[N/A],2761.2 MHz,12481.04 MHz
2026/07/04 19:13:10.511,61.36,104.0 %,5.2 %,1387.36 MiB,8477.04 MiB,42.588 W,[N/A],2761.2 MHz,12481.04 MHz
2026/07/04 19:13:11.511,61.36,104.0 %,6.24 %,1387.36 MiB,8477.04 MiB,42.598 W,[N/A],2752.88 MHz,12481.04 MHz
2026/07/04 19:13:12.511,61.36,104.0 %,6.24 %,1387.36 MiB,8477.04 MiB,42.713 W,[N/A],2761.2 MHz,12481.04 MHz
2026/07/04 19:13:13.511,61.36,104.0 %,5.2 %,1387.36 MiB,8477.04 MiB,42.557 W,[N/A],2752.88 MHz,12481.04 MHz
2026/07/04 19:13:14.511,61.36,104.0 %,6.24 %,1387.36 MiB,8477.04 MiB,42.567 W,[N/A],2752.88 MHz,12481.04 MHz
2026/07/04 19:13:15.511,61.36,104.0 %,5.2 %,1387.36 MiB,8477.04 MiB,42.63 W,[N/A],2752.88 MHz,12481.04 MHz
2026/07/04 19:13:16.511,61.36,104.0 %,5.2 %,1387.36 MiB,8477.04 MiB,42.567 W,[N/A],2761.2 MHz,12481.04 MHz
2026/07/04 19:13:17.511,61.36,104.0 %,6.24 %,1387.36 MiB,8477.04 MiB,42.588 W,[N/A],2761.2 MHz,12481.04 MHz
2026/07/04 19:13:18.511,61.36,104.0 %,5.2 %,1387.36 MiB,8477.04 MiB,42.609 W,[N/A],2761.2 MHz,12481.04 MHz
2026/07/04 19:13:19.511,61.36,104.0 %,5.2 %,1387.36 MiB,8477.04 MiB,42.661 W,[N/A],2761.2 MHz,12481.04 MHz
2026/07/04 19:13:20.511,61.36,104.0 %,6.24 %,1387.36 MiB,8477.04 MiB,42.63 W,[N/A],2761.2 MHz,12481.04 MHz
2026/07/04 19:13:21.511,61.36,104.0 %,5.2 %,1387.36 MiB,8477.04 MiB,42.598 W,[N/A],2752.88 MHz,12481.04 MHz
2026/07/04 19:13:22.511,61.36,104.0 %,5.2 %,1387.36 MiB,8477.04 MiB,42.63 W,[N/A],2752.88 MHz,12481.04 MHz
2026/07/04 19:13:23.511,61.36,104.0 %,6.24 %,1387.36 MiB,8477.04 MiB,42.63 W,[N/A],2761.2 MHz,12481.04 MHz
2026/07/04 19:13:24.511,61.36,104.0 %,5.2 %,1387.36 MiB,8477.04 MiB,42.598 W,[N/A],2752.88 MHz,12481.04 MHz
2026/07/04 19:13:25.511,61.36,104.0 %,6.24 %,1387.36 MiB,8477.04 MiB,42.619 W,[N/A],2752.88 MHz,12481.04 MHz
2026/07/04 19:13:26.511,62.4,104.0 %,6.24 %,1387.36 MiB,8477.04 MiB,42.692 W,[N/A],2752.88 MHz,12481.04 MHz
2026/07/04 19:13:27.511,62.4,104.0 %,5.2 %,1387.36 MiB,8477.04 MiB,42.65 W,[N/A],2752.88 MHz,12481.04 MHz
2026/07/04 19:13:28.511,62.4,104.0 %,6.24 %,1387.36 MiB,8477.04 MiB,42.63 W,[N/A],2752.88 MHz,12481.04 MHz
2026/07/04 19:13:29.511,62.4,104.0 %,6.24 %,1387.36 MiB,8477.04 MiB,42.65 W,[N/A],2761.2 MHz,12481.04 MHz
2026/07/04 19:13:30.511,62.4,104.0 %,5.2 %,1387.36 MiB,8477.04 MiB,42.671 W,[N/A],2752.88 MHz,12481.04 MHz
2026/07/04 19:13:31.511,62.4,104.0 %,6.24 %,1387.36 MiB,8477.04 MiB,42.609 W,[N/A],2752.88 MHz,12481.04 MHz
2026/07/04 19:13:32.511,62.4,104.0 %,6.24 %,1387.36 MiB,8477.04 MiB,42.817 W,[N/A],2752.88 MHz,12481.04 MHz
2026/07/04 19:13:33.511,62.4,104.0 %,5.2 %,1387.36 MiB,8477.04 MiB,42.64 W,[N/A],2752.88 MHz,12481.04 MHz
2026/07/04 19:13:34.511,62.4,104.0 %,6.24 %,1387.36 MiB,8477.04 MiB,42.64 W,[N/A],2752.88 MHz,12481.04 MHz
2026/07/04 19:13:35.511,62.4,104.0 %,5.2 %,1387.36 MiB,8477.04 MiB,42.734 W,[N/A],2752.88 MHz,12481.04 MHz
2026/07/04 19:13:36.511,62.4,104.0 %,5.2 %,1387.36 MiB,8477.04 MiB,42.65 W,[N/A],2752.88 MHz,12481.04 MHz
2026/07/04 19:13:37.511,62.4,104.0 %,6.24 %,1387.36 MiB,8477.04 MiB,42.682 W,[N/A],2761.2 MHz,12481.04 MHz
2026/07/04 19:13:38.511,62.4,104.0 %,6.24 %,1387.36 MiB,8477.04 MiB,42.671 W,[N/A],2752.88 MHz,12481.04 MHz
2026/07/04 19:13:39.511,62.4,104.0 %,6.24 %,1387.36 MiB,8477.04 MiB,42.754 W,[N/A],2752.88 MHz,12481.04 MHz
2026/07/04 19:13:40.511,62.4,104.0 %,6.24 %,1387.36 MiB,8477.04 MiB,42.702 W,[N/A],2761.2 MHz,12481.04 MHz
2026/07/04 19:13:41.511,62.4,104.0 %,5.2 %,1387.36 MiB,8477.04 MiB,42.744 W,[N/A],2752.88 MHz,12481.04 MHz
2026/07/04 19:13:42.511,62.4,104.0 %,6.24 %,1387.36 MiB,8477.04 MiB,42.765 W,[N/A],2752.88 MHz,12481.04 MHz
2026/07/04 19:13:43.511,62.4,104.0 %,6.24 %,1387.36 MiB,8477.04 MiB,42.702 W,[N/A],2761.2 MHz,12481.04 MHz
2026/07/04 19:13:44.511,62.4,104.0 %,5.2 %,1387.36 MiB,8477.04 MiB,42.723 W,[N/A],2752.88 MHz,12481.04 MHz
2026/07/04 19:13:45.511,62.4,104.0 %,6.24 %,1387.36 MiB,8477.04 MiB,42.65 W,[N/A],2752.88 MHz,12481.04 MHz
2026/07/04 19:13:46.511,62.4,104.0 %,6.24 %,1387.36 MiB,8477.04 MiB,42.65 W,[N/A],2752.88 MHz,12481.04 MHz
2026/07/04 19:13:47.511,62.4,104.0 %,5.2 %,1387.36 MiB,8477.04 MiB,42.734 W,[N/A],2752.88 MHz,12481.04 MHz
2026/07/04 19:13:48.511,62.4,104.0 %,6.24 %,1387.36 MiB,8477.04 MiB,42.702 W,[N/A],2761.2 MHz,12481.04 MHz
2026/07/04 19:13:49.511,62.4,104.0 %,6.24 %,1387.36 MiB,8477.04 MiB,42.775 W,[N/A],2752.88 MHz,12481.04 MHz
2026/07/04 19:13:50.511,62.4,104.0 %,5.2 %,1387.36 MiB,8477.04 MiB,42.713 W,[N/A],2752.88 MHz,12481.04 MHz
2026/07/04 19:13:51.511,62.4,104.0 %,6.24 %,1387.36 MiB,8477.04 MiB,42.723 W,[N/A],2752.88 MHz,12481.04 MHz
2026/07/04 19:13:52.511,62.4,104.0 %,5.2 %,1387.36 MiB,8477.04 MiB,42.702 W,[N/A],2752.88 MHz,12481.04 MHz
2026/07/04 19:13:53.511,62.4,104.0 %,5.2 %,1387.36 MiB,8477.04 MiB,42.692 W,[N/A],2752.88 MHz,12481.04 MHz
2026/07/04 19:13:54.511,62.4,104.0 %,6.24 %,1387.36 MiB,8477.04 MiB,42.682 W,[N/A],2752.88 MHz,12481.04 MHz
2026/07/04 19:13:55.511,62.4,104.0 %,5.2 %,1387.36 MiB,8477.04 MiB,42.661 W,[N/A],2752.88 MHz,12481.04 MHz
2026/07/04 19:13:56.511,62.4,104.0 %,5.2 %,1387.36 MiB,8477.04 MiB,42.723 W,[N/A],2752.88 MHz,12481.04 MHz
2026/07/04 19:13:57.511,62.4,104.0 %,6.24 %,1387.36 MiB,8477.04 MiB,42.713 W,[N/A],2761.2 MHz,12481.04 MHz
2026/07/04 19:13:58.511,62.4,104.0 %,6.24 %,1387.36 MiB,8477.04 MiB,42.723 W,[N/A],2761.2 MHz,12481.04 MHz
2026/07/04 19:13:59.511,62.4,104.0 %,6.24 %,1387.36 MiB,8477.04 MiB,42.786 W,[N/A],2752.88 MHz,12481.04 MHz
2026/07/04 19:14:00.511,62.4,104.0 %,6.24 %,1387.36 MiB,8477.04 MiB,42.682 W,[N/A],2761.2 MHz,12481.04 MHz
2026/07/04 19:14:01.511,62.4,104.0 %,5.2 %,1387.36 MiB,8477.04 MiB,42.723 W,[N/A],2761.2 MHz,12481.04 MHz
2026/07/04 19:14:02.511,62.4,104.0 %,6.24 %,1387.36 MiB,8477.04 MiB,42.734 W,[N/A],2752.88 MHz,12481.04 MHz
2026/07/04 19:14:03.511,62.4,104.0 %,6.24 %,1387.36 MiB,8477.04 MiB,42.723 W,[N/A],2761.2 MHz,12481.04 MHz
2026/07/04 19:14:04.511,62.4,104.0 %,5.2 %,1387.36 MiB,8477.04 MiB,42.723 W,[N/A],2752.88 MHz,12481.04 MHz
2026/07/04 19:14:05.511,62.4,104.0 %,6.24 %,1387.36 MiB,8477.04 MiB,42.713 W,[N/A],2752.88 MHz,12481.04 MHz
2026/07/04 19:14:06.511,62.4,104.0 %,6.24 %,1387.36 MiB,8477.04 MiB,42.786 W,[N/A],2761.2 MHz,12481.04 MHz
2026/07/04 19:14:07.511,62.4,104.0 %,5.2 %,1387.36 MiB,8477.04 MiB,42.702 W,[N/A],2761.2 MHz,12481.04 MHz
2026/07/04 19:14:08.511,62.4,104.0 %,6.24 %,1387.36 MiB,8477.04 MiB,42.682 W,[N/A],2752.88 MHz,12481.04 MHz
2026/07/04 19:14:09.511,62.4,104.0 %,5.2 %,1387.36 MiB,8477.04 MiB,42.754 W,[N/A],2752.88 MHz,12481.04 MHz
2026/07/04 19:14:10.511,62.4,104.0 %,5.2 %,1387.36 MiB,8477.04 MiB,42.723 W,[N/A],2752.88 MHz,12481.04 MHz
2026/07/04 19:14:11.511,62.4,104.0 %,6.24 %,1387.36 MiB,8477.04 MiB,42.692 W,[N/A],2761.2 MHz,12481.04 MHz
2026/07/04 19:14:12.511,62.4,104.0 %,5.2 %,1387.36 MiB,8477.04 MiB,42.838 W,[N/A],2752.88 MHz,12481.04 MHz
2026/07/04 19:14:13.511,62.4,104.0 %,5.2 %,1387.36 MiB,8477.04 MiB,42.754 W,[N/A],2752.88 MHz,12481.04 MHz
2026/07/04 19:14:14.511,62.4,104.0 %,6.24 %,1387.36 MiB,8477.04 MiB,42.734 W,[N/A],2752.88 MHz,12481.04 MHz
2026/07/04 19:14:15.511,62.4,104.0 %,5.2 %,1387.36 MiB,8477.04 MiB,42.702 W,[N/A],2752.88 MHz,12481.04 MHz
2026/07/04 19:14:16.511,62.4,104.0 %,6.24 %,1387.36 MiB,8477.04 MiB,42.775 W,[N/A],2752.88 MHz,12481.04 MHz
2026/07/04 19:14:17.511,62.4,104.0 %,6.24 %,1387.36 MiB,8477.04 MiB,42.744 W,[N/A],2752.88 MHz,12481.04 MHz
2026/07/04 19:14:18.511,62.4,104.0 %,5.2 %,1387.36 MiB,8477.04 MiB,42.744 W,[N/A],2752.88 MHz,12481.04 MHz
2026/07/04 19:14:19.511,62.4,104.0 %,6.24 %,1387.36 MiB,8477.04 MiB,42.786 W,[N/A],2752.88 MHz,12481.04 MHz
2026/07/04 19:14:20.511,62.4,104.0 %,6.24 %,1387.36 MiB,8477.04 MiB,42.744 W,[N/A],2752.88 MHz,12481.04 MHz
2026/07/04 19:14:21.511,62.4,104.0 %,5.2 %,1387.36 MiB,8477.04 MiB,42.796 W,[N/A],2752.88 MHz,12481.04 MHz
2026/07/04 19:14:22.511,62.4,104.0 %,6.24 %,1387.36 MiB,8477.04 MiB,42.744 W,[N/A],2752.88 MHz,12481.04 MHz
2026/07/04 19:14:23.511,62.4,104.0 %,6.24 %,1387.36 MiB,8477.04 MiB,42.786 W,[N/A],2752.88 MHz,12481.04 MHz
2026/07/04 19:14:24.511,62.4,104.0 %,5.2 %,1387.36 MiB,8477.04 MiB,42.754 W,[N/A],2752.88 MHz,12481.04 MHz
2026/07/04 19:14:25.511,62.4,104.0 %,6.24 %,1387.36 MiB,8477.04 MiB,42.744 W,[N/A],2752.88 MHz,12481.04 MHz
2026/07/04 19:14:26.511,62.4,104.0 %,5.2 %,1387.36 MiB,8477.04 MiB,42.723 W,[N/A],2752.88 MHz,12481.04 MHz
2026/07/04 19:14:27.511,62.4,104.0 %,5.2 %,1387.36 MiB,8477.04 MiB,42.713 W,[N/A],2752.88 MHz,12481.04 MHz
2026/07/04 19:14:28.511,62.4,104.0 %,6.24 %,1387.36 MiB,8477.04 MiB,42.682 W,[N/A],2752.88 MHz,12481.04 MHz
2026/07/04 19:14:29.511,62.4,104.0 %,5.2 %,1387.36 MiB,8477.04 MiB,42.765 W,[N/A],2752.88 MHz,12481.04 MHz
2026/07/04 19:14:30.511,62.4,104.0 %,6.24 %,1387.36 MiB,8477.04 MiB,42.786 W,[N/A],2752.88 MHz,12481.04 MHz
2026/07/04 19:14:31.511,62.4,104.0 %,6.24 %,1387.36 MiB,8477.04 MiB,42.734 W,[N/A],2752.88 MHz,12481.04 MHz
2026/07/04 19:14:32.511,62.4,104.0 %,5.2 %,1387.36 MiB,8477.04 MiB,42.723 W,[N/A],2752.88 MHz,12481.04 MHz
2026/07/04 19:14:33.511,62.4,104.0 %,6.24 %,1387.36 MiB,8477.04 MiB,42.723 W,[N/A],2752.88 MHz,12481.04 MHz
2026/07/04 19:14:34.511,62.4,104.0 %,6.24 %,1387.36 MiB,8477.04 MiB,42.744 W,[N/A],2752.88 MHz,12481.04 MHz
2026/07/04 19:14:35.511,62.4,104.0 %,5.2 %,1387.36 MiB,8477.04 MiB,42.796 W,[N/A],2752.88 MHz,12481.04 MHz
2026/07/04 19:14:36.511,62.4,104.0 %,6.24 %,1387.36 MiB,8477.04 MiB,42.754 W,[N/A],2752.88 MHz,12481.04 MHz
2026/07/04 19:14:37.511,62.4,104.0 %,6.24 %,1387.36 MiB,8477.04 MiB,42.796 W,[N/A],2752.88 MHz,12481.04 MHz
2026/07/04 19:14:38.511,62.4,104.0 %,5.2 %,1387.36 MiB,8477.04 MiB,42.754 W,[N/A],2752.88 MHz,12481.04 MHz
2026/07/04 19:14:39.511,62.4,104.0 %,6.24 %,1387.36 MiB,8477.04 MiB,42.775 W,[N/A],2752.88 MHz,12481.04 MHz
2026/07/04 19:14:40.511,62.4,104.0 %,6.24 %,1387.36 MiB,8477.04 MiB,42.786 W,[N/A],2752.88 MHz,12481.04 MHz
2026/07/04 19:14:41.511,62.4,104.0 %,5.2 %,1387.36 MiB,8477.04 MiB,42.775 W,[N/A],2752.88 MHz,12481.04 MHz
2026/07/04 19:14:42.511,62.4,104.0 %,6.24 %,1387.36 MiB,8477.04 MiB,42.806 W,[N/A],2752.88 MHz,12481.04 MHz
2026/07/04 19:14:43.511,62.4,104.0 %,5.2 %,1387.36 MiB,8477.04 MiB,42.838 W,[N/A],2752.88 MHz,12481.04 MHz
2026/07/04 19:14:44.511,62.4,104.0 %,5.2 %,1387.36 MiB,8477.04 MiB,42.754 W,[N/A],2752.88 MHz,12481.04 MHz
2026/07/04 19:14:45.511,62.4,104.0 %,6.24 %,1387.36 MiB,8477.04 MiB,42.786 W,[N/A],2752.88 MHz,12481.04 MHz
2026/07/04 19:14:46.511,63.44,104.0 %,5.2 %,1387.36 MiB,8477.04 MiB,42.744 W,[N/A],2752.88 MHz,12481.04 MHz
2026/07/04 19:14:47.511,63.44,104.0 %,5.2 %,1387.36 MiB,8477.04 MiB,42.796 W,[N/A],2752.88 MHz,12481.04 MHz
2026/07/04 19:14:48.511,63.44,104.0 %,6.24 %,1387.36 MiB,8477.04 MiB,42.796 W,[N/A],2761.2 MHz,12481.04 MHz
2026/07/04 19:14:49.511,63.44,104.0 %,5.2 %,1387.36 MiB,8477.04 MiB,42.796 W,[N/A],2752.88 MHz,12481.04 MHz
2026/07/04 19:14:50.511,62.4,104.0 %,6.24 %,1387.36 MiB,8477.04 MiB,42.827 W,[N/A],2752.88 MHz,12481.04 MHz
2026/07/04 19:14:51.511,63.44,104.0 %,6.24 %,2354.56 MiB,8477.04 MiB,42.734 W,[N/A],2752.88 MHz,12481.04 MHz
2026/07/04 19:14:52.511,63.44,104.0 %,12.48 %,2676.96 MiB,8477.04 MiB,44.824 W,[N/A],2721.68 MHz,12481.04 MHz
2026/07/04 19:14:53.511,62.4,104.0 %,12.48 %,2676.96 MiB,8477.04 MiB,45.822 W,[N/A],2683.2 MHz,12481.04 MHz
2026/07/04 19:14:54.511,63.44,104.0 %,12.48 %,2676.96 MiB,8477.04 MiB,45.718 W,[N/A],2721.68 MHz,12481.04 MHz
2026/07/04 19:14:55.511,62.4,104.0 %,11.44 %,2676.96 MiB,8477.04 MiB,45.718 W,[N/A],2683.2 MHz,12481.04 MHz
2026/07/04 19:14:56.511,63.44,104.0 %,12.48 %,2676.96 MiB,8477.04 MiB,45.76 W,[N/A],2721.68 MHz,12481.04 MHz
2026/07/04 19:14:57.511,63.44,104.0 %,12.48 %,2676.96 MiB,8477.04 MiB,45.958 W,[N/A],2683.2 MHz,12481.04 MHz
2026/07/04 19:14:58.511,63.44,104.0 %,12.48 %,2676.96 MiB,8477.04 MiB,45.75 W,[N/A],2721.68 MHz,12481.04 MHz
2026/07/04 19:14:59.511,63.44,104.0 %,11.44 %,2676.96 MiB,8477.04 MiB,46.197 W,[N/A],2683.2 MHz,12481.04 MHz
2026/07/04 19:15:00.511,63.44,104.0 %,12.48 %,2676.96 MiB,8477.04 MiB,45.791 W,[N/A],2721.68 MHz,12481.04 MHz
2026/07/04 19:15:01.511,63.44,104.0 %,12.48 %,2676.96 MiB,8477.04 MiB,46.197 W,[N/A],2690.48 MHz,12481.04 MHz
2026/07/04 19:15:02.511,63.44,104.0 %,12.48 %,2676.96 MiB,8477.04 MiB,45.77 W,[N/A],2730.0 MHz,12481.04 MHz
2026/07/04 19:15:03.511,63.44,104.0 %,11.44 %,2676.96 MiB,8477.04 MiB,46.155 W,[N/A],2683.2 MHz,12481.04 MHz
2026/07/04 19:15:04.511,63.44,104.0 %,12.48 %,2676.96 MiB,8477.04 MiB,45.812 W,[N/A],2721.68 MHz,12481.04 MHz
2026/07/04 19:15:05.511,63.44,104.0 %,12.48 %,2676.96 MiB,8477.04 MiB,45.906 W,[N/A],2683.2 MHz,12481.04 MHz
2026/07/04 19:15:06.511,63.44,104.0 %,11.44 %,2676.96 MiB,8477.04 MiB,45.854 W,[N/A],2721.68 MHz,12481.04 MHz
2026/07/04 19:15:07.511,63.44,104.0 %,12.48 %,2676.96 MiB,8477.04 MiB,46.197 W,[N/A],2683.2 MHz,12481.04 MHz
2026/07/04 19:15:08.511,63.44,104.0 %,12.48 %,2676.96 MiB,8477.04 MiB,45.77 W,[N/A],2721.68 MHz,12481.04 MHz
2026/07/04 19:15:09.511,63.44,104.0 %,12.48 %,2676.96 MiB,8477.04 MiB,45.958 W,[N/A],2683.2 MHz,12481.04 MHz
2026/07/04 19:15:10.511,63.44,104.0 %,12.48 %,2676.96 MiB,8477.04 MiB,45.718 W,[N/A],2721.68 MHz,12481.04 MHz
2026/07/04 19:15:11.511,63.44,104.0 %,11.44 %,2676.96 MiB,8477.04 MiB,46.207 W,[N/A],2683.2 MHz,12481.04 MHz
2026/07/04 19:15:12.511,63.44,104.0 %,12.48 %,2676.96 MiB,8477.04 MiB,45.77 W,[N/A],2721.68 MHz,12481.04 MHz
2026/07/04 19:15:13.511,63.44,104.0 %,12.48 %,2676.96 MiB,8477.04 MiB,46.238 W,[N/A],2683.2 MHz,12481.04 MHz
2026/07/04 19:15:14.511,63.44,104.0 %,12.48 %,2676.96 MiB,8477.04 MiB,45.677 W,[N/A],2730.0 MHz,12481.04 MHz
2026/07/04 19:15:15.511,63.44,104.0 %,12.48 %,2676.96 MiB,8477.04 MiB,46.176 W,[N/A],2683.2 MHz,12481.04 MHz
2026/07/04 19:15:16.511,63.44,104.0 %,12.48 %,2676.96 MiB,8477.04 MiB,45.677 W,[N/A],2721.68 MHz,12481.04 MHz
2026/07/04 19:15:17.511,63.44,104.0 %,12.48 %,2676.96 MiB,8477.04 MiB,46.29 W,[N/A],2674.88 MHz,12481.04 MHz
2026/07/04 19:15:18.511,63.44,104.0 %,11.44 %,2676.96 MiB,8477.04 MiB,45.812 W,[N/A],2721.68 MHz,12481.04 MHz
2026/07/04 19:15:19.511,63.44,104.0 %,8.32 %,2676.96 MiB,8477.04 MiB,46.176 W,[N/A],2683.2 MHz,12481.04 MHz
2026/07/04 19:15:20.511,63.44,104.0 %,12.48 %,2676.96 MiB,8477.04 MiB,45.729 W,[N/A],2721.68 MHz,12481.04 MHz
2026/07/04 19:15:21.511,63.44,104.0 %,8.32 %,2676.96 MiB,8477.04 MiB,46.197 W,[N/A],2683.2 MHz,12481.04 MHz
2026/07/04 19:15:22.511,59.28,104.0 %,12.48 %,2.08 MiB,8477.04 MiB,40.113 W,[N/A],2371.2 MHz,12481.04 MHz
2026/07/04 19:15:23.511,58.24,0.0 %,0.0 %,2.08 MiB,8477.04 MiB,11.357 W,[N/A],2168.4 MHz,11441.04 MHz
2026/07/04 19:15:24.511,58.24,0.0 %,0.0 %,2.08 MiB,8477.04 MiB,11.274 W,[N/A],2168.4 MHz,11441.04 MHz
2026/07/04 19:15:25.511,57.2,0.0 %,0.0 %,2.08 MiB,8477.04 MiB,9.318 W,[N/A],187.2 MHz,9361.04 MHz
2026/07/04 19:15:26.511,57.2,0.0 %,0.0 %,2.08 MiB,8477.04 MiB,7.769 W,[N/A],187.2 MHz,9361.04 MHz
