timestamp, temperature.gpu, utilization.gpu [%], utilization.memory [%], memory.used [MiB], memory.total [MiB], power.draw [W], fan.speed [%], clocks.current.sm [MHz], clocks.current.memory [MHz]
2026/07/04 19:09:30.511, 46, 0 %, 0 %, 2 MiB, 8151 MiB, 3.64 W, [N/A], 180 MHz, 405 MHz
2026/07/04 19:09:31.516, 46, 0 %, 0 %, 2 MiB, 8151 MiB, 3.64 W, [N/A], 180 MHz, 405 MHz
2026/07/04 19:09:32.517, 46, 0 %, 0 %, 2 MiB, 8151 MiB, 3.61 W, [N/A], 180 MHz, 405 MHz
2026/07/04 19:09:33.517, 46, 0 %, 0 %, 2 MiB, 8151 MiB, 3.62 W, [N/A], 180 MHz, 405 MHz
2026/07/04 19:09:34.518, 46, 0 %, 0 %, 2 MiB, 8151 MiB, 3.62 W, [N/A], 180 MHz, 405 MHz
2026/07/04 19:09:35.519, 46, 0 %, 0 %, 2 MiB, 8151 MiB, 3.62 W, [N/A], 180 MHz, 405 MHz
2026/07/04 19:09:36.520, 46, 0 %, 0 %, 2 MiB, 8151 MiB, 3.62 W, [N/A], 180 MHz, 405 MHz
2026/07/04 19:09:37.521, 46, 0 %, 0 %, 2 MiB, 8151 MiB, 3.63 W, [N/A], 180 MHz, 405 MHz
2026/07/04 19:09:38.522, 46, 0 %, 0 %, 2 MiB, 8151 MiB, 3.64 W, [N/A], 180 MHz, 405 MHz
2026/07/04 19:09:39.523, 46, 0 %, 0 %, 2 MiB, 8151 MiB, 3.63 W, [N/A], 180 MHz, 405 MHz
2026/07/04 19:09:40.524, 46, 0 %, 0 %, 2 MiB, 8151 MiB, 3.62 W, [N/A], 180 MHz, 405 MHz
2026/07/04 19:09:41.525, 46, 0 %, 0 %, 2 MiB, 8151 MiB, 3.62 W, [N/A], 180 MHz, 405 MHz
2026/07/04 19:09:42.525, 46, 0 %, 0 %, 2 MiB, 8151 MiB, 3.61 W, [N/A], 180 MHz, 405 MHz
2026/07/04 19:09:43.526, 46, 0 %, 0 %, 2 MiB, 8151 MiB, 3.63 W, [N/A], 180 MHz, 405 MHz
2026/07/04 19:09:44.527, 46, 0 %, 0 %, 2 MiB, 8151 MiB, 3.61 W, [N/A], 180 MHz, 405 MHz
2026/07/04 19:09:45.528, 46, 0 %, 0 %, 2 MiB, 8151 MiB, 3.59 W, [N/A], 180 MHz, 405 MHz
2026/07/04 19:09:46.529, 46, 0 %, 0 %, 2 MiB, 8151 MiB, 3.60 W, [N/A], 180 MHz, 405 MHz
2026/07/04 19:09:47.530, 46, 0 %, 0 %, 2 MiB, 8151 MiB, 3.59 W, [N/A], 180 MHz, 405 MHz
2026/07/04 19:09:48.530, 45, 0 %, 0 %, 2 MiB, 8151 MiB, 3.56 W, [N/A], 180 MHz, 405 MHz
2026/07/04 19:09:49.531, 45, 0 %, 0 %, 2 MiB, 8151 MiB, 3.58 W, [N/A], 180 MHz, 405 MHz
2026/07/04 19:09:50.532, 45, 0 %, 0 %, 2 MiB, 8151 MiB, 3.60 W, [N/A], 180 MHz, 405 MHz
2026/07/04 19:09:51.533, 45, 0 %, 0 %, 2 MiB, 8151 MiB, 3.60 W, [N/A], 180 MHz, 405 MHz
2026/07/04 19:09:52.534, 45, 0 %, 0 %, 2 MiB, 8151 MiB, 3.60 W, [N/A], 180 MHz, 405 MHz
2026/07/04 19:09:53.535, 46, 0 %, 0 %, 2 MiB, 8151 MiB, 3.60 W, [N/A], 180 MHz, 405 MHz
2026/07/04 19:09:54.536, 46, 0 %, 0 %, 2 MiB, 8151 MiB, 3.60 W, [N/A], 180 MHz, 405 MHz
2026/07/04 19:09:55.537, 46, 0 %, 0 %, 2 MiB, 8151 MiB, 3.59 W, [N/A], 180 MHz, 405 MHz
2026/07/04 19:09:56.537, 46, 0 %, 0 %, 2 MiB, 8151 MiB, 3.59 W, [N/A], 180 MHz, 405 MHz
2026/07/04 19:09:57.538, 46, 0 %, 0 %, 2 MiB, 8151 MiB, 3.61 W, [N/A], 180 MHz, 405 MHz
2026/07/04 19:09:58.539, 46, 0 %, 0 %, 2 MiB, 8151 MiB, 3.61 W, [N/A], 180 MHz, 405 MHz
2026/07/04 19:09:59.540, 45, 0 %, 0 %, 2 MiB, 8151 MiB, 3.62 W, [N/A], 180 MHz, 405 MHz
2026/07/04 19:10:00.541, 45, 0 %, 0 %, 2 MiB, 8151 MiB, 3.60 W, [N/A], 180 MHz, 405 MHz
2026/07/04 19:10:01.541, 45, 0 %, 0 %, 2 MiB, 8151 MiB, 3.60 W, [N/A], 180 MHz, 405 MHz
2026/07/04 19:10:02.542, 45, 0 %, 0 %, 2 MiB, 8151 MiB, 3.60 W, [N/A], 180 MHz, 405 MHz
2026/07/04 19:10:03.543, 45, 0 %, 0 %, 2 MiB, 8151 MiB, 3.60 W, [N/A], 180 MHz, 405 MHz
2026/07/04 19:10:04.544, 45, 0 %, 0 %, 2 MiB, 8151 MiB, 3.61 W, [N/A], 180 MHz, 405 MHz
2026/07/04 19:10:05.545, 45, 0 %, 0 %, 2 MiB, 8151 MiB, 3.60 W, [N/A], 180 MHz, 405 MHz
2026/07/04 19:10:06.546, 45, 0 %, 0 %, 2 MiB, 8151 MiB, 3.61 W, [N/A], 180 MHz, 405 MHz
2026/07/04 19:10:07.547, 45, 0 %, 0 %, 2 MiB, 8151 MiB, 3.61 W, [N/A], 180 MHz, 405 MHz
2026/07/04 19:10:08.548, 45, 0 %, 0 %, 2 MiB, 8151 MiB, 3.60 W, [N/A], 180 MHz, 405 MHz
2026/07/04 19:10:09.549, 45, 0 %, 0 %, 2 MiB, 8151 MiB, 3.61 W, [N/A], 180 MHz, 405 MHz
2026/07/04 19:10:10.549, 45, 0 %, 0 %, 2 MiB, 8151 MiB, 3.60 W, [N/A], 180 MHz, 405 MHz
2026/07/04 19:10:11.550, 45, 0 %, 0 %, 2 MiB, 8151 MiB, 3.61 W, [N/A], 180 MHz, 405 MHz
2026/07/04 19:10:12.551, 45, 0 %, 0 %, 2 MiB, 8151 MiB, 3.62 W, [N/A], 180 MHz, 405 MHz
2026/07/04 19:10:13.552, 45, 0 %, 0 %, 2 MiB, 8151 MiB, 3.61 W, [N/A], 180 MHz, 405 MHz
2026/07/04 19:10:14.553, 45, 0 %, 0 %, 2 MiB, 8151 MiB, 3.61 W, [N/A], 180 MHz, 405 MHz
2026/07/04 19:10:15.554, 45, 0 %, 0 %, 2 MiB, 8151 MiB, 3.60 W, [N/A], 180 MHz, 405 MHz
2026/07/04 19:10:16.555, 45, 0 %, 0 %, 2 MiB, 8151 MiB, 3.61 W, [N/A], 180 MHz, 405 MHz
2026/07/04 19:10:17.556, 45, 0 %, 0 %, 2 MiB, 8151 MiB, 3.60 W, [N/A], 180 MHz, 405 MHz
2026/07/04 19:10:18.557, 45, 0 %, 0 %, 2 MiB, 8151 MiB, 3.59 W, [N/A], 180 MHz, 405 MHz
2026/07/04 19:10:19.558, 45, 0 %, 0 %, 2 MiB, 8151 MiB, 3.62 W, [N/A], 180 MHz, 405 MHz
2026/07/04 19:10:20.558, 45, 0 %, 0 %, 2 MiB, 8151 MiB, 3.61 W, [N/A], 180 MHz, 405 MHz
2026/07/04 19:10:21.559, 45, 0 %, 0 %, 2 MiB, 8151 MiB, 3.59 W, [N/A], 180 MHz, 405 MHz
2026/07/04 19:10:22.560, 45, 0 %, 0 %, 2 MiB, 8151 MiB, 3.60 W, [N/A], 180 MHz, 405 MHz
2026/07/04 19:10:23.561, 45, 0 %, 0 %, 2 MiB, 8151 MiB, 3.61 W, [N/A], 172 MHz, 405 MHz
2026/07/04 19:10:24.562, 45, 0 %, 0 %, 2 MiB, 8151 MiB, 3.61 W, [N/A], 180 MHz, 405 MHz
2026/07/04 19:10:25.563, 45, 0 %, 0 %, 142 MiB, 8151 MiB, 11.77 W, [N/A], 180 MHz, 11001 MHz
2026/07/04 19:10:26.563, 50, 93 %, 0 %, 142 MiB, 8151 MiB, 33.67 W, [N/A], 2805 MHz, 12001 MHz
2026/07/04 19:10:27.564, 51, 93 %, 0 %, 142 MiB, 8151 MiB, 36.63 W, [N/A], 2805 MHz, 12001 MHz
2026/07/04 19:10:28.564, 51, 93 %, 0 %, 142 MiB, 8151 MiB, 36.67 W, [N/A], 2805 MHz, 12001 MHz
2026/07/04 19:10:29.564, 51, 93 %, 0 %, 142 MiB, 8151 MiB, 36.68 W, [N/A], 2805 MHz, 12001 MHz
2026/07/04 19:10:30.566, 51, 69 %, 0 %, 142 MiB, 8151 MiB, 32.19 W, [N/A], 2835 MHz, 12001 MHz
2026/07/04 19:10:31.567, 51, 70 %, 0 %, 142 MiB, 8151 MiB, 31.81 W, [N/A], 2827 MHz, 12001 MHz
2026/07/04 19:10:32.568, 51, 70 %, 0 %, 142 MiB, 8151 MiB, 31.83 W, [N/A], 2835 MHz, 12001 MHz
2026/07/04 19:10:33.569, 51, 70 %, 0 %, 142 MiB, 8151 MiB, 31.78 W, [N/A], 2835 MHz, 12001 MHz
2026/07/04 19:10:34.570, 51, 71 %, 0 %, 142 MiB, 8151 MiB, 32.14 W, [N/A], 2835 MHz, 12001 MHz
2026/07/04 19:10:35.571, 53, 92 %, 0 %, 142 MiB, 8151 MiB, 36.42 W, [N/A], 2842 MHz, 12001 MHz
2026/07/04 19:10:36.571, 53, 92 %, 0 %, 142 MiB, 8151 MiB, 37.25 W, [N/A], 2835 MHz, 12001 MHz
2026/07/04 19:10:37.572, 53, 92 %, 0 %, 182 MiB, 8151 MiB, 37.28 W, [N/A], 2835 MHz, 12001 MHz
2026/07/04 19:10:38.572, 53, 100 %, 1 %, 182 MiB, 8151 MiB, 37.91 W, [N/A], 2730 MHz, 12001 MHz
2026/07/04 19:10:39.573, 53, 100 %, 1 %, 182 MiB, 8151 MiB, 37.85 W, [N/A], 2737 MHz, 12001 MHz
2026/07/04 19:10:40.573, 53, 100 %, 1 %, 182 MiB, 8151 MiB, 37.86 W, [N/A], 2730 MHz, 12001 MHz
2026/07/04 19:10:41.574, 54, 100 %, 1 %, 182 MiB, 8151 MiB, 37.90 W, [N/A], 2730 MHz, 12001 MHz
2026/07/04 19:10:42.574, 54, 100 %, 1 %, 182 MiB, 8151 MiB, 37.92 W, [N/A], 2730 MHz, 12001 MHz
2026/07/04 19:10:43.575, 54, 100 %, 1 %, 182 MiB, 8151 MiB, 37.92 W, [N/A], 2730 MHz, 12001 MHz
2026/07/04 19:10:44.576, 54, 100 %, 1 %, 182 MiB, 8151 MiB, 37.88 W, [N/A], 2730 MHz, 12001 MHz
2026/07/04 19:10:45.576, 54, 99 %, 1 %, 182 MiB, 8151 MiB, 37.91 W, [N/A], 2737 MHz, 12001 MHz
2026/07/04 19:10:46.577, 54, 100 %, 1 %, 182 MiB, 8151 MiB, 37.91 W, [N/A], 2737 MHz, 12001 MHz
2026/07/04 19:10:47.577, 55, 100 %, 1 %, 182 MiB, 8151 MiB, 37.95 W, [N/A], 2737 MHz, 12001 MHz
2026/07/04 19:10:48.578, 55, 100 %, 1 %, 182 MiB, 8151 MiB, 37.96 W, [N/A], 2730 MHz, 12001 MHz
2026/07/04 19:10:49.579, 55, 100 %, 1 %, 278 MiB, 8151 MiB, 37.97 W, [N/A], 2722 MHz, 12001 MHz
2026/07/04 19:10:50.579, 55, 100 %, 3 %, 278 MiB, 8151 MiB, 39.48 W, [N/A], 2715 MHz, 12001 MHz
2026/07/04 19:10:51.580, 55, 100 %, 3 %, 278 MiB, 8151 MiB, 39.49 W, [N/A], 2715 MHz, 12001 MHz
2026/07/04 19:10:52.580, 55, 100 %, 3 %, 278 MiB, 8151 MiB, 39.51 W, [N/A], 2715 MHz, 12001 MHz
2026/07/04 19:10:53.581, 55, 100 %, 3 %, 278 MiB, 8151 MiB, 39.54 W, [N/A], 2715 MHz, 12001 MHz
2026/07/04 19:10:54.583, 55, 100 %, 3 %, 278 MiB, 8151 MiB, 39.49 W, [N/A], 2715 MHz, 12001 MHz
2026/07/04 19:10:55.584, 56, 100 %, 3 %, 278 MiB, 8151 MiB, 39.56 W, [N/A], 2715 MHz, 12001 MHz
2026/07/04 19:10:56.584, 56, 100 %, 3 %, 278 MiB, 8151 MiB, 39.56 W, [N/A], 2715 MHz, 12001 MHz
2026/07/04 19:10:57.585, 56, 100 %, 3 %, 278 MiB, 8151 MiB, 39.54 W, [N/A], 2715 MHz, 12001 MHz
2026/07/04 19:10:58.585, 56, 100 %, 3 %, 278 MiB, 8151 MiB, 39.57 W, [N/A], 2715 MHz, 12001 MHz
2026/07/04 19:10:59.586, 56, 100 %, 3 %, 278 MiB, 8151 MiB, 39.62 W, [N/A], 2715 MHz, 12001 MHz
2026/07/04 19:11:00.586, 56, 100 %, 3 %, 278 MiB, 8151 MiB, 39.65 W, [N/A], 2715 MHz, 12001 MHz
2026/07/04 19:11:01.587, 56, 100 %, 3 %, 470 MiB, 8151 MiB, 39.63 W, [N/A], 2715 MHz, 12001 MHz
2026/07/04 19:11:02.587, 56, 100 %, 3 %, 470 MiB, 8151 MiB, 39.64 W, [N/A], 2685 MHz, 12001 MHz
2026/07/04 19:11:03.588, 57, 100 %, 3 %, 470 MiB, 8151 MiB, 39.48 W, [N/A], 2685 MHz, 12001 MHz
2026/07/04 19:11:04.589, 57, 100 %, 3 %, 470 MiB, 8151 MiB, 39.55 W, [N/A], 2685 MHz, 12001 MHz
2026/07/04 19:11:05.589, 57, 100 %, 3 %, 470 MiB, 8151 MiB, 39.53 W, [N/A], 2685 MHz, 12001 MHz
2026/07/04 19:11:06.590, 57, 100 %, 3 %, 470 MiB, 8151 MiB, 39.56 W, [N/A], 2685 MHz, 12001 MHz
2026/07/04 19:11:07.590, 57, 100 %, 3 %, 470 MiB, 8151 MiB, 39.51 W, [N/A], 2685 MHz, 12001 MHz
2026/07/04 19:11:08.591, 57, 100 %, 3 %, 470 MiB, 8151 MiB, 39.57 W, [N/A], 2692 MHz, 12001 MHz
2026/07/04 19:11:09.592, 57, 100 %, 3 %, 470 MiB, 8151 MiB, 39.55 W, [N/A], 2685 MHz, 12001 MHz
2026/07/04 19:11:10.592, 57, 100 %, 3 %, 470 MiB, 8151 MiB, 39.63 W, [N/A], 2692 MHz, 12001 MHz
2026/07/04 19:11:11.593, 57, 100 %, 3 %, 470 MiB, 8151 MiB, 39.63 W, [N/A], 2692 MHz, 12001 MHz
2026/07/04 19:11:12.593, 57, 100 %, 3 %, 470 MiB, 8151 MiB, 39.54 W, [N/A], 2685 MHz, 12001 MHz
2026/07/04 19:11:13.594, 57, 100 %, 3 %, 782 MiB, 8151 MiB, 39.61 W, [N/A], 2685 MHz, 12001 MHz
2026/07/04 19:11:14.595, 57, 100 %, 3 %, 782 MiB, 8151 MiB, 39.53 W, [N/A], 2670 MHz, 12001 MHz
2026/07/04 19:11:15.595, 57, 100 %, 3 %, 782 MiB, 8151 MiB, 39.54 W, [N/A], 2670 MHz, 12001 MHz
2026/07/04 19:11:16.596, 57, 100 %, 3 %, 782 MiB, 8151 MiB, 39.56 W, [N/A], 2670 MHz, 12001 MHz
2026/07/04 19:11:17.596, 57, 100 %, 3 %, 782 MiB, 8151 MiB, 39.55 W, [N/A], 2670 MHz, 12001 MHz
2026/07/04 19:11:18.597, 57, 100 %, 3 %, 782 MiB, 8151 MiB, 39.53 W, [N/A], 2670 MHz, 12001 MHz
2026/07/04 19:11:19.597, 57, 100 %, 3 %, 782 MiB, 8151 MiB, 39.53 W, [N/A], 2670 MHz, 12001 MHz
2026/07/04 19:11:20.598, 57, 100 %, 3 %, 782 MiB, 8151 MiB, 39.51 W, [N/A], 2670 MHz, 12001 MHz
2026/07/04 19:11:21.598, 57, 100 %, 3 %, 782 MiB, 8151 MiB, 39.54 W, [N/A], 2670 MHz, 12001 MHz
2026/07/04 19:11:22.599, 57, 100 %, 3 %, 782 MiB, 8151 MiB, 39.48 W, [N/A], 2670 MHz, 12001 MHz
2026/07/04 19:11:23.600, 57, 100 %, 3 %, 782 MiB, 8151 MiB, 39.49 W, [N/A], 2670 MHz, 12001 MHz
2026/07/04 19:11:24.600, 57, 100 %, 3 %, 782 MiB, 8151 MiB, 39.49 W, [N/A], 2670 MHz, 12001 MHz
2026/07/04 19:11:25.601, 57, 100 %, 3 %, 1196 MiB, 8151 MiB, 39.49 W, [N/A], 2670 MHz, 12001 MHz
2026/07/04 19:11:26.601, 56, 100 %, 5 %, 1334 MiB, 8151 MiB, 40.61 W, [N/A], 2655 MHz, 12001 MHz
2026/07/04 19:11:27.602, 57, 100 %, 6 %, 1334 MiB, 8151 MiB, 40.67 W, [N/A], 2662 MHz, 12001 MHz
2026/07/04 19:11:28.602, 56, 100 %, 6 %, 1334 MiB, 8151 MiB, 40.78 W, [N/A], 2655 MHz, 12001 MHz
2026/07/04 19:11:29.603, 57, 100 %, 5 %, 1334 MiB, 8151 MiB, 40.75 W, [N/A], 2655 MHz, 12001 MHz
2026/07/04 19:11:30.604, 57, 100 %, 6 %, 1334 MiB, 8151 MiB, 40.72 W, [N/A], 2655 MHz, 12001 MHz
2026/07/04 19:11:31.604, 57, 100 %, 6 %, 1334 MiB, 8151 MiB, 40.76 W, [N/A], 2655 MHz, 12001 MHz
2026/07/04 19:11:32.605, 57, 100 %, 5 %, 1334 MiB, 8151 MiB, 40.81 W, [N/A], 2655 MHz, 12001 MHz
2026/07/04 19:11:33.605, 56, 100 %, 6 %, 1334 MiB, 8151 MiB, 40.77 W, [N/A], 2655 MHz, 12001 MHz
2026/07/04 19:11:34.606, 57, 100 %, 6 %, 1334 MiB, 8151 MiB, 40.74 W, [N/A], 2655 MHz, 12001 MHz
2026/07/04 19:11:35.607, 57, 100 %, 5 %, 1334 MiB, 8151 MiB, 40.73 W, [N/A], 2655 MHz, 12001 MHz
2026/07/04 19:11:36.607, 57, 100 %, 6 %, 1334 MiB, 8151 MiB, 40.77 W, [N/A], 2662 MHz, 12001 MHz
2026/07/04 19:11:37.608, 57, 100 %, 5 %, 1334 MiB, 8151 MiB, 40.74 W, [N/A], 2655 MHz, 12001 MHz
2026/07/04 19:11:38.608, 57, 100 %, 5 %, 1334 MiB, 8151 MiB, 40.75 W, [N/A], 2655 MHz, 12001 MHz
2026/07/04 19:11:39.609, 57, 100 %, 6 %, 1334 MiB, 8151 MiB, 40.79 W, [N/A], 2655 MHz, 12001 MHz
2026/07/04 19:11:40.610, 57, 100 %, 5 %, 1334 MiB, 8151 MiB, 40.73 W, [N/A], 2655 MHz, 12001 MHz
2026/07/04 19:11:41.610, 57, 100 %, 5 %, 1334 MiB, 8151 MiB, 40.76 W, [N/A], 2655 MHz, 12001 MHz
2026/07/04 19:11:42.611, 57, 100 %, 6 %, 1334 MiB, 8151 MiB, 40.78 W, [N/A], 2655 MHz, 12001 MHz
2026/07/04 19:11:43.611, 57, 100 %, 6 %, 1334 MiB, 8151 MiB, 40.76 W, [N/A], 2655 MHz, 12001 MHz
2026/07/04 19:11:44.612, 57, 100 %, 5 %, 1334 MiB, 8151 MiB, 40.83 W, [N/A], 2655 MHz, 12001 MHz
2026/07/04 19:11:45.612, 57, 100 %, 6 %, 1334 MiB, 8151 MiB, 40.75 W, [N/A], 2655 MHz, 12001 MHz
2026/07/04 19:11:46.613, 57, 100 %, 5 %, 1334 MiB, 8151 MiB, 40.74 W, [N/A], 2655 MHz, 12001 MHz
2026/07/04 19:11:47.613, 57, 100 %, 6 %, 1334 MiB, 8151 MiB, 40.74 W, [N/A], 2655 MHz, 12001 MHz
2026/07/04 19:11:48.614, 57, 100 %, 6 %, 1334 MiB, 8151 MiB, 40.78 W, [N/A], 2655 MHz, 12001 MHz
2026/07/04 19:11:49.615, 57, 100 %, 5 %, 1334 MiB, 8151 MiB, 40.75 W, [N/A], 2655 MHz, 12001 MHz
2026/07/04 19:11:50.615, 57, 100 %, 6 %, 1334 MiB, 8151 MiB, 40.80 W, [N/A], 2655 MHz, 12001 MHz
2026/07/04 19:11:51.616, 57, 100 %, 6 %, 1334 MiB, 8151 MiB, 40.75 W, [N/A], 2655 MHz, 12001 MHz
2026/07/04 19:11:52.616, 57, 100 %, 5 %, 1334 MiB, 8151 MiB, 40.76 W, [N/A], 2655 MHz, 12001 MHz
2026/07/04 19:11:53.617, 57, 100 %, 6 %, 1334 MiB, 8151 MiB, 40.80 W, [N/A], 2655 MHz, 12001 MHz
2026/07/04 19:11:54.618, 57, 100 %, 6 %, 1334 MiB, 8151 MiB, 40.79 W, [N/A], 2655 MHz, 12001 MHz
2026/07/04 19:11:55.618, 57, 100 %, 5 %, 1334 MiB, 8151 MiB, 40.78 W, [N/A], 2647 MHz, 12001 MHz
2026/07/04 19:11:56.619, 57, 100 %, 6 %, 1334 MiB, 8151 MiB, 40.73 W, [N/A], 2655 MHz, 12001 MHz
2026/07/04 19:11:57.619, 57, 100 %, 6 %, 1334 MiB, 8151 MiB, 40.77 W, [N/A], 2655 MHz, 12001 MHz
2026/07/04 19:11:58.620, 57, 100 %, 5 %, 1334 MiB, 8151 MiB, 40.82 W, [N/A], 2647 MHz, 12001 MHz
2026/07/04 19:11:59.620, 57, 100 %, 6 %, 1334 MiB, 8151 MiB, 40.75 W, [N/A], 2655 MHz, 12001 MHz
2026/07/04 19:12:00.621, 57, 100 %, 6 %, 1334 MiB, 8151 MiB, 40.81 W, [N/A], 2655 MHz, 12001 MHz
2026/07/04 19:12:01.622, 57, 100 %, 5 %, 1334 MiB, 8151 MiB, 40.79 W, [N/A], 2655 MHz, 12001 MHz
2026/07/04 19:12:02.622, 58, 100 %, 6 %, 1334 MiB, 8151 MiB, 40.75 W, [N/A], 2655 MHz, 12001 MHz
2026/07/04 19:12:03.623, 58, 100 %, 5 %, 1334 MiB, 8151 MiB, 40.88 W, [N/A], 2655 MHz, 12001 MHz
2026/07/04 19:12:04.623, 58, 100 %, 5 %, 1334 MiB, 8151 MiB, 40.81 W, [N/A], 2655 MHz, 12001 MHz
2026/07/04 19:12:05.624, 58, 100 %, 6 %, 1334 MiB, 8151 MiB, 40.86 W, [N/A], 2655 MHz, 12001 MHz
2026/07/04 19:12:06.624, 58, 100 %, 5 %, 1334 MiB, 8151 MiB, 40.82 W, [N/A], 2655 MHz, 12001 MHz
2026/07/04 19:12:07.625, 58, 100 %, 5 %, 1334 MiB, 8151 MiB, 40.81 W, [N/A], 2655 MHz, 12001 MHz
2026/07/04 19:12:08.625, 58, 100 %, 6 %, 1334 MiB, 8151 MiB, 40.81 W, [N/A], 2655 MHz, 12001 MHz
2026/07/04 19:12:09.626, 58, 100 %, 5 %, 1334 MiB, 8151 MiB, 40.82 W, [N/A], 2647 MHz, 12001 MHz
2026/07/04 19:12:10.627, 58, 100 %, 6 %, 1334 MiB, 8151 MiB, 40.88 W, [N/A], 2647 MHz, 12001 MHz
2026/07/04 19:12:11.627, 58, 100 %, 6 %, 1334 MiB, 8151 MiB, 40.84 W, [N/A], 2655 MHz, 12001 MHz
2026/07/04 19:12:12.628, 58, 100 %, 5 %, 1334 MiB, 8151 MiB, 40.83 W, [N/A], 2647 MHz, 12001 MHz
2026/07/04 19:12:13.628, 58, 100 %, 6 %, 1334 MiB, 8151 MiB, 40.91 W, [N/A], 2655 MHz, 12001 MHz
2026/07/04 19:12:14.629, 58, 100 %, 6 %, 1334 MiB, 8151 MiB, 40.92 W, [N/A], 2655 MHz, 12001 MHz
2026/07/04 19:12:15.629, 58, 100 %, 5 %, 1334 MiB, 8151 MiB, 40.85 W, [N/A], 2655 MHz, 12001 MHz
2026/07/04 19:12:16.630, 58, 100 %, 6 %, 1334 MiB, 8151 MiB, 40.90 W, [N/A], 2655 MHz, 12001 MHz
2026/07/04 19:12:17.630, 58, 100 %, 6 %, 1334 MiB, 8151 MiB, 40.90 W, [N/A], 2655 MHz, 12001 MHz
2026/07/04 19:12:18.631, 58, 100 %, 5 %, 1334 MiB, 8151 MiB, 40.89 W, [N/A], 2655 MHz, 12001 MHz
2026/07/04 19:12:19.632, 58, 100 %, 6 %, 1334 MiB, 8151 MiB, 40.90 W, [N/A], 2655 MHz, 12001 MHz
2026/07/04 19:12:20.632, 58, 100 %, 6 %, 1334 MiB, 8151 MiB, 40.88 W, [N/A], 2655 MHz, 12001 MHz
2026/07/04 19:12:21.633, 58, 100 %, 5 %, 1334 MiB, 8151 MiB, 40.85 W, [N/A], 2647 MHz, 12001 MHz
2026/07/04 19:12:22.633, 58, 100 %, 6 %, 1334 MiB, 8151 MiB, 40.83 W, [N/A], 2655 MHz, 12001 MHz
2026/07/04 19:12:23.634, 58, 100 %, 6 %, 1334 MiB, 8151 MiB, 40.89 W, [N/A], 2655 MHz, 12001 MHz
2026/07/04 19:12:24.634, 58, 100 %, 5 %, 1334 MiB, 8151 MiB, 40.95 W, [N/A], 2655 MHz, 12001 MHz
2026/07/04 19:12:25.635, 58, 100 %, 6 %, 1334 MiB, 8151 MiB, 40.91 W, [N/A], 2655 MHz, 12001 MHz
2026/07/04 19:12:26.635, 58, 100 %, 6 %, 1334 MiB, 8151 MiB, 40.86 W, [N/A], 2647 MHz, 12001 MHz
2026/07/04 19:12:27.636, 59, 100 %, 5 %, 1334 MiB, 8151 MiB, 40.93 W, [N/A], 2655 MHz, 12001 MHz
2026/07/04 19:12:28.636, 59, 100 %, 6 %, 1334 MiB, 8151 MiB, 40.98 W, [N/A], 2655 MHz, 12001 MHz
2026/07/04 19:12:29.637, 59, 100 %, 5 %, 1334 MiB, 8151 MiB, 40.95 W, [N/A], 2647 MHz, 12001 MHz
2026/07/04 19:12:30.638, 59, 100 %, 5 %, 1334 MiB, 8151 MiB, 40.90 W, [N/A], 2647 MHz, 12001 MHz
2026/07/04 19:12:31.638, 59, 100 %, 6 %, 1334 MiB, 8151 MiB, 40.86 W, [N/A], 2655 MHz, 12001 MHz
2026/07/04 19:12:32.638, 59, 100 %, 5 %, 1334 MiB, 8151 MiB, 40.89 W, [N/A], 2655 MHz, 12001 MHz
2026/07/04 19:12:33.639, 59, 100 %, 5 %, 1334 MiB, 8151 MiB, 40.92 W, [N/A], 2647 MHz, 12001 MHz
2026/07/04 19:12:34.640, 59, 100 %, 6 %, 1334 MiB, 8151 MiB, 40.86 W, [N/A], 2655 MHz, 12001 MHz
2026/07/04 19:12:35.640, 59, 100 %, 6 %, 1334 MiB, 8151 MiB, 40.97 W, [N/A], 2655 MHz, 12001 MHz
2026/07/04 19:12:36.641, 59, 100 %, 6 %, 1334 MiB, 8151 MiB, 40.93 W, [N/A], 2647 MHz, 12001 MHz
2026/07/04 19:12:37.641, 59, 100 %, 6 %, 1334 MiB, 8151 MiB, 40.88 W, [N/A], 2655 MHz, 12001 MHz
2026/07/04 19:12:38.642, 59, 100 %, 5 %, 1334 MiB, 8151 MiB, 40.93 W, [N/A], 2655 MHz, 12001 MHz
2026/07/04 19:12:39.642, 59, 100 %, 6 %, 1334 MiB, 8151 MiB, 40.96 W, [N/A], 2655 MHz, 12001 MHz
2026/07/04 19:12:40.643, 59, 100 %, 6 %, 1334 MiB, 8151 MiB, 40.94 W, [N/A], 2655 MHz, 12001 MHz
2026/07/04 19:12:41.643, 59, 100 %, 5 %, 1334 MiB, 8151 MiB, 40.94 W, [N/A], 2655 MHz, 12001 MHz
2026/07/04 19:12:42.644, 59, 100 %, 6 %, 1334 MiB, 8151 MiB, 40.93 W, [N/A], 2655 MHz, 12001 MHz
2026/07/04 19:12:43.644, 59, 100 %, 6 %, 1334 MiB, 8151 MiB, 40.97 W, [N/A], 2655 MHz, 12001 MHz
2026/07/04 19:12:44.645, 59, 100 %, 5 %, 1334 MiB, 8151 MiB, 40.95 W, [N/A], 2655 MHz, 12001 MHz
2026/07/04 19:12:45.646, 59, 100 %, 6 %, 1334 MiB, 8151 MiB, 40.96 W, [N/A], 2647 MHz, 12001 MHz
2026/07/04 19:12:46.646, 59, 100 %, 6 %, 1334 MiB, 8151 MiB, 41.07 W, [N/A], 2655 MHz, 12001 MHz
2026/07/04 19:12:47.647, 59, 100 %, 5 %, 1334 MiB, 8151 MiB, 40.92 W, [N/A], 2647 MHz, 12001 MHz
2026/07/04 19:12:48.647, 59, 100 %, 6 %, 1334 MiB, 8151 MiB, 40.93 W, [N/A], 2647 MHz, 12001 MHz
2026/07/04 19:12:49.648, 59, 100 %, 5 %, 1334 MiB, 8151 MiB, 40.99 W, [N/A], 2647 MHz, 12001 MHz
2026/07/04 19:12:50.648, 59, 100 %, 5 %, 1334 MiB, 8151 MiB, 40.93 W, [N/A], 2655 MHz, 12001 MHz
2026/07/04 19:12:51.650, 59, 100 %, 6 %, 1334 MiB, 8151 MiB, 40.95 W, [N/A], 2655 MHz, 12001 MHz
2026/07/04 19:12:52.651, 59, 100 %, 5 %, 1334 MiB, 8151 MiB, 40.97 W, [N/A], 2655 MHz, 12001 MHz
2026/07/04 19:12:53.651, 59, 100 %, 5 %, 1334 MiB, 8151 MiB, 41.02 W, [N/A], 2655 MHz, 12001 MHz
2026/07/04 19:12:54.652, 59, 100 %, 6 %, 1334 MiB, 8151 MiB, 40.99 W, [N/A], 2655 MHz, 12001 MHz
2026/07/04 19:12:55.653, 59, 100 %, 5 %, 1334 MiB, 8151 MiB, 40.96 W, [N/A], 2647 MHz, 12001 MHz
2026/07/04 19:12:56.654, 59, 100 %, 5 %, 1334 MiB, 8151 MiB, 40.99 W, [N/A], 2647 MHz, 12001 MHz
2026/07/04 19:12:57.655, 59, 100 %, 6 %, 1334 MiB, 8151 MiB, 40.99 W, [N/A], 2655 MHz, 12001 MHz
2026/07/04 19:12:58.656, 59, 100 %, 5 %, 1334 MiB, 8151 MiB, 40.96 W, [N/A], 2647 MHz, 12001 MHz
2026/07/04 19:12:59.661, 59, 100 %, 6 %, 1334 MiB, 8151 MiB, 40.98 W, [N/A], 2647 MHz, 12001 MHz
2026/07/04 19:13:00.661, 60, 100 %, 6 %, 1334 MiB, 8151 MiB, 41.05 W, [N/A], 2647 MHz, 12001 MHz
2026/07/04 19:13:01.662, 60, 100 %, 5 %, 1334 MiB, 8151 MiB, 41.01 W, [N/A], 2647 MHz, 12001 MHz
2026/07/04 19:13:02.662, 60, 100 %, 6 %, 1334 MiB, 8151 MiB, 40.99 W, [N/A], 2647 MHz, 12001 MHz
2026/07/04 19:13:03.663, 60, 100 %, 6 %, 1334 MiB, 8151 MiB, 41.01 W, [N/A], 2655 MHz, 12001 MHz
2026/07/04 19:13:04.663, 60, 100 %, 5 %, 1334 MiB, 8151 MiB, 41.03 W, [N/A], 2647 MHz, 12001 MHz
2026/07/04 19:13:05.664, 60, 100 %, 6 %, 1334 MiB, 8151 MiB, 40.97 W, [N/A], 2647 MHz, 12001 MHz
2026/07/04 19:13:06.664, 60, 100 %, 6 %, 1334 MiB, 8151 MiB, 41.17 W, [N/A], 2647 MHz, 12001 MHz
2026/07/04 19:13:07.665, 60, 100 %, 5 %, 1334 MiB, 8151 MiB, 41.00 W, [N/A], 2647 MHz, 12001 MHz
2026/07/04 19:13:08.665, 60, 100 %, 6 %, 1334 MiB, 8151 MiB, 41.00 W, [N/A], 2647 MHz, 12001 MHz
2026/07/04 19:13:09.666, 60, 100 %, 5 %, 1334 MiB, 8151 MiB, 41.09 W, [N/A], 2647 MHz, 12001 MHz
2026/07/04 19:13:10.667, 60, 100 %, 5 %, 1334 MiB, 8151 MiB, 41.01 W, [N/A], 2647 MHz, 12001 MHz
2026/07/04 19:13:11.668, 60, 100 %, 6 %, 1334 MiB, 8151 MiB, 41.04 W, [N/A], 2655 MHz, 12001 MHz
2026/07/04 19:13:12.669, 60, 100 %, 6 %, 1334 MiB, 8151 MiB, 41.03 W, [N/A], 2647 MHz, 12001 MHz
2026/07/04 19:13:13.670, 60, 100 %, 6 %, 1334 MiB, 8151 MiB, 41.11 W, [N/A], 2647 MHz, 12001 MHz
2026/07/04 19:13:14.670, 60, 100 %, 6 %, 1334 MiB, 8151 MiB, 41.06 W, [N/A], 2655 MHz, 12001 MHz
2026/07/04 19:13:15.671, 60, 100 %, 5 %, 1334 MiB, 8151 MiB, 41.10 W, [N/A], 2647 MHz, 12001 MHz
2026/07/04 19:13:16.672, 60, 100 %, 6 %, 1334 MiB, 8151 MiB, 41.12 W, [N/A], 2647 MHz, 12001 MHz
2026/07/04 19:13:17.673, 60, 100 %, 6 %, 1334 MiB, 8151 MiB, 41.06 W, [N/A], 2655 MHz, 12001 MHz
2026/07/04 19:13:18.674, 60, 100 %, 5 %, 1334 MiB, 8151 MiB, 41.08 W, [N/A], 2647 MHz, 12001 MHz
2026/07/04 19:13:19.675, 60, 100 %, 6 %, 1334 MiB, 8151 MiB, 41.01 W, [N/A], 2647 MHz, 12001 MHz
2026/07/04 19:13:20.676, 60, 100 %, 6 %, 1334 MiB, 8151 MiB, 41.01 W, [N/A], 2647 MHz, 12001 MHz
2026/07/04 19:13:21.677, 60, 100 %, 5 %, 1334 MiB, 8151 MiB, 41.09 W, [N/A], 2647 MHz, 12001 MHz
2026/07/04 19:13:22.678, 60, 100 %, 6 %, 1334 MiB, 8151 MiB, 41.06 W, [N/A], 2655 MHz, 12001 MHz
2026/07/04 19:13:23.681, 60, 100 %, 6 %, 1334 MiB, 8151 MiB, 41.13 W, [N/A], 2647 MHz, 12001 MHz
2026/07/04 19:13:24.681, 60, 100 %, 5 %, 1334 MiB, 8151 MiB, 41.07 W, [N/A], 2647 MHz, 12001 MHz
2026/07/04 19:13:25.682, 60, 100 %, 6 %, 1334 MiB, 8151 MiB, 41.08 W, [N/A], 2647 MHz, 12001 MHz
2026/07/04 19:13:26.682, 60, 100 %, 5 %, 1334 MiB, 8151 MiB, 41.06 W, [N/A], 2647 MHz, 12001 MHz
2026/07/04 19:13:27.683, 60, 100 %, 5 %, 1334 MiB, 8151 MiB, 41.05 W, [N/A], 2647 MHz, 12001 MHz
2026/07/04 19:13:28.683, 60, 100 %, 6 %, 1334 MiB, 8151 MiB, 41.04 W, [N/A], 2647 MHz, 12001 MHz
2026/07/04 19:13:29.684, 60, 100 %, 5 %, 1334 MiB, 8151 MiB, 41.02 W, [N/A], 2647 MHz, 12001 MHz
2026/07/04 19:13:30.685, 60, 100 %, 5 %, 1334 MiB, 8151 MiB, 41.08 W, [N/A], 2647 MHz, 12001 MHz
2026/07/04 19:13:31.686, 60, 100 %, 6 %, 1334 MiB, 8151 MiB, 41.07 W, [N/A], 2655 MHz, 12001 MHz
2026/07/04 19:13:32.687, 60, 100 %, 6 %, 1334 MiB, 8151 MiB, 41.08 W, [N/A], 2655 MHz, 12001 MHz
2026/07/04 19:13:33.687, 60, 100 %, 6 %, 1334 MiB, 8151 MiB, 41.14 W, [N/A], 2647 MHz, 12001 MHz
2026/07/04 19:13:34.688, 60, 100 %, 6 %, 1334 MiB, 8151 MiB, 41.04 W, [N/A], 2655 MHz, 12001 MHz
2026/07/04 19:13:35.689, 60, 100 %, 5 %, 1334 MiB, 8151 MiB, 41.08 W, [N/A], 2655 MHz, 12001 MHz
2026/07/04 19:13:36.690, 60, 100 %, 6 %, 1334 MiB, 8151 MiB, 41.09 W, [N/A], 2647 MHz, 12001 MHz
2026/07/04 19:13:37.691, 60, 100 %, 6 %, 1334 MiB, 8151 MiB, 41.08 W, [N/A], 2655 MHz, 12001 MHz
2026/07/04 19:13:38.692, 60, 100 %, 5 %, 1334 MiB, 8151 MiB, 41.08 W, [N/A], 2647 MHz, 12001 MHz
2026/07/04 19:13:39.693, 60, 100 %, 6 %, 1334 MiB, 8151 MiB, 41.07 W, [N/A], 2647 MHz, 12001 MHz
2026/07/04 19:13:40.694, 60, 100 %, 6 %, 1334 MiB, 8151 MiB, 41.14 W, [N/A], 2655 MHz, 12001 MHz
2026/07/04 19:13:41.695, 60, 100 %, 5 %, 1334 MiB, 8151 MiB, 41.06 W, [N/A], 2655 MHz, 12001 MHz
2026/07/04 19:13:42.695, 60, 100 %, 6 %, 1334 MiB, 8151 MiB, 41.04 W, [N/A], 2647 MHz, 12001 MHz
2026/07/04 19:13:43.697, 60, 100 %, 5 %, 1334 MiB, 8151 MiB, 41.11 W, [N/A], 2647 MHz, 12001 MHz
2026/07/04 19:13:44.698, 60, 100 %, 5 %, 1334 MiB, 8151 MiB, 41.08 W, [N/A], 2647 MHz, 12001 MHz
2026/07/04 19:13:45.698, 60, 100 %, 6 %, 1334 MiB, 8151 MiB, 41.05 W, [N/A], 2655 MHz, 12001 MHz
2026/07/04 19:13:46.700, 60, 100 %, 5 %, 1334 MiB, 8151 MiB, 41.19 W, [N/A], 2647 MHz, 12001 MHz
2026/07/04 19:13:47.702, 60, 100 %, 5 %, 1334 MiB, 8151 MiB, 41.11 W, [N/A], 2647 MHz, 12001 MHz
2026/07/04 19:13:48.703, 60, 100 %, 6 %, 1334 MiB, 8151 MiB, 41.09 W, [N/A], 2647 MHz, 12001 MHz
2026/07/04 19:13:49.703, 60, 100 %, 5 %, 1334 MiB, 8151 MiB, 41.06 W, [N/A], 2647 MHz, 12001 MHz
2026/07/04 19:13:50.704, 60, 100 %, 6 %, 1334 MiB, 8151 MiB, 41.13 W, [N/A], 2647 MHz, 12001 MHz
2026/07/04 19:13:51.704, 60, 100 %, 6 %, 1334 MiB, 8151 MiB, 41.10 W, [N/A], 2647 MHz, 12001 MHz
2026/07/04 19:13:52.705, 60, 100 %, 5 %, 1334 MiB, 8151 MiB, 41.10 W, [N/A], 2647 MHz, 12001 MHz
2026/07/04 19:13:53.706, 60, 100 %, 6 %, 1334 MiB, 8151 MiB, 41.14 W, [N/A], 2647 MHz, 12001 MHz
2026/07/04 19:13:54.707, 60, 100 %, 6 %, 1334 MiB, 8151 MiB, 41.10 W, [N/A], 2647 MHz, 12001 MHz
2026/07/04 19:13:55.707, 60, 100 %, 5 %, 1334 MiB, 8151 MiB, 41.15 W, [N/A], 2647 MHz, 12001 MHz
2026/07/04 19:13:56.708, 60, 100 %, 6 %, 1334 MiB, 8151 MiB, 41.10 W, [N/A], 2647 MHz, 12001 MHz
2026/07/04 19:13:57.709, 60, 100 %, 6 %, 1334 MiB, 8151 MiB, 41.14 W, [N/A], 2647 MHz, 12001 MHz
2026/07/04 19:13:58.710, 60, 100 %, 5 %, 1334 MiB, 8151 MiB, 41.11 W, [N/A], 2647 MHz, 12001 MHz
2026/07/04 19:13:59.711, 60, 100 %, 6 %, 1334 MiB, 8151 MiB, 41.10 W, [N/A], 2647 MHz, 12001 MHz
2026/07/04 19:14:00.712, 60, 100 %, 5 %, 1334 MiB, 8151 MiB, 41.08 W, [N/A], 2647 MHz, 12001 MHz
2026/07/04 19:14:01.712, 60, 100 %, 5 %, 1334 MiB, 8151 MiB, 41.07 W, [N/A], 2647 MHz, 12001 MHz
2026/07/04 19:14:02.714, 60, 100 %, 6 %, 1334 MiB, 8151 MiB, 41.04 W, [N/A], 2647 MHz, 12001 MHz
2026/07/04 19:14:03.714, 60, 100 %, 5 %, 1334 MiB, 8151 MiB, 41.12 W, [N/A], 2647 MHz, 12001 MHz
2026/07/04 19:14:04.716, 60, 100 %, 6 %, 1334 MiB, 8151 MiB, 41.14 W, [N/A], 2647 MHz, 12001 MHz
2026/07/04 19:14:05.716, 60, 100 %, 6 %, 1334 MiB, 8151 MiB, 41.09 W, [N/A], 2647 MHz, 12001 MHz
2026/07/04 19:14:06.717, 60, 100 %, 5 %, 1334 MiB, 8151 MiB, 41.08 W, [N/A], 2647 MHz, 12001 MHz
2026/07/04 19:14:07.718, 60, 100 %, 6 %, 1334 MiB, 8151 MiB, 41.08 W, [N/A], 2647 MHz, 12001 MHz
2026/07/04 19:14:08.719, 60, 100 %, 6 %, 1334 MiB, 8151 MiB, 41.10 W, [N/A], 2647 MHz, 12001 MHz
2026/07/04 19:14:09.720, 60, 100 %, 5 %, 1334 MiB, 8151 MiB, 41.15 W, [N/A], 2647 MHz, 12001 MHz
2026/07/04 19:14:10.721, 60, 100 %, 6 %, 1334 MiB, 8151 MiB, 41.11 W, [N/A], 2647 MHz, 12001 MHz
2026/07/04 19:14:11.724, 60, 100 %, 6 %, 1334 MiB, 8151 MiB, 41.15 W, [N/A], 2647 MHz, 12001 MHz
2026/07/04 19:14:12.724, 60, 100 %, 5 %, 1334 MiB, 8151 MiB, 41.11 W, [N/A], 2647 MHz, 12001 MHz
2026/07/04 19:14:13.725, 60, 100 %, 6 %, 1334 MiB, 8151 MiB, 41.13 W, [N/A], 2647 MHz, 12001 MHz
2026/07/04 19:14:14.725, 60, 100 %, 6 %, 1334 MiB, 8151 MiB, 41.14 W, [N/A], 2647 MHz, 12001 MHz
2026/07/04 19:14:15.726, 60, 100 %, 5 %, 1334 MiB, 8151 MiB, 41.13 W, [N/A], 2647 MHz, 12001 MHz
2026/07/04 19:14:16.726, 60, 100 %, 6 %, 1334 MiB, 8151 MiB, 41.16 W, [N/A], 2647 MHz, 12001 MHz
2026/07/04 19:14:17.727, 60, 100 %, 5 %, 1334 MiB, 8151 MiB, 41.19 W, [N/A], 2647 MHz, 12001 MHz
2026/07/04 19:14:18.728, 60, 100 %, 5 %, 1334 MiB, 8151 MiB, 41.11 W, [N/A], 2647 MHz, 12001 MHz
2026/07/04 19:14:19.729, 60, 100 %, 6 %, 1334 MiB, 8151 MiB, 41.14 W, [N/A], 2647 MHz, 12001 MHz
2026/07/04 19:14:20.730, 61, 100 %, 5 %, 1334 MiB, 8151 MiB, 41.10 W, [N/A], 2647 MHz, 12001 MHz
2026/07/04 19:14:21.731, 61, 100 %, 5 %, 1334 MiB, 8151 MiB, 41.15 W, [N/A], 2647 MHz, 12001 MHz
2026/07/04 19:14:22.731, 61, 100 %, 6 %, 1334 MiB, 8151 MiB, 41.15 W, [N/A], 2655 MHz, 12001 MHz
2026/07/04 19:14:23.732, 61, 100 %, 5 %, 1334 MiB, 8151 MiB, 41.15 W, [N/A], 2647 MHz, 12001 MHz
2026/07/04 19:14:24.733, 60, 100 %, 6 %, 1334 MiB, 8151 MiB, 41.18 W, [N/A], 2647 MHz, 12001 MHz
2026/07/04 19:14:25.734, 61, 100 %, 6 %, 2264 MiB, 8151 MiB, 41.09 W, [N/A], 2647 MHz, 12001 MHz
2026/07/04 19:14:26.735, 61, 100 %, 12 %, 2574 MiB, 8151 MiB, 43.10 W, [N/A], 2617 MHz, 12001 MHz
2026/07/04 19:14:27.736, 60, 100 %, 12 %, 2574 MiB, 8151 MiB, 44.06 W, [N/A], 2580 MHz, 12001 MHz
2026/07/04 19:14:28.737, 61, 100 %, 12 %, 2574 MiB, 8151 MiB, 43.96 W, [N/A], 2617 MHz, 12001 MHz
2026/07/04 19:14:29.738, 60, 100 %, 11 %, 2574 MiB, 8151 MiB, 43.96 W, [N/A], 2580 MHz, 12001 MHz
2026/07/04 19:14:30.738, 61, 100 %, 12 %, 2574 MiB, 8151 MiB, 44.00 W, [N/A], 2617 MHz, 12001 MHz
2026/07/04 19:14:31.740, 61, 100 %, 12 %, 2574 MiB, 8151 MiB, 44.19 W, [N/A], 2580 MHz, 12001 MHz
2026/07/04 19:14:32.741, 61, 100 %, 12 %, 2574 MiB, 8151 MiB, 43.99 W, [N/A], 2617 MHz, 12001 MHz
2026/07/04 19:14:33.741, 61, 100 %, 11 %, 2574 MiB, 8151 MiB, 44.42 W, [N/A], 2580 MHz, 12001 MHz
2026/07/04 19:14:34.742, 61, 100 %, 12 %, 2574 MiB, 8151 MiB, 44.03 W, [N/A], 2617 MHz, 12001 MHz
2026/07/04 19:14:35.744, 61, 100 %, 12 %, 2574 MiB, 8151 MiB, 44.42 W, [N/A], 2587 MHz, 12001 MHz
2026/07/04 19:14:36.745, 61, 100 %, 12 %, 2574 MiB, 8151 MiB, 44.01 W, [N/A], 2625 MHz, 12001 MHz
2026/07/04 19:14:37.746, 61, 100 %, 11 %, 2574 MiB, 8151 MiB, 44.38 W, [N/A], 2580 MHz, 12001 MHz
2026/07/04 19:14:38.746, 61, 100 %, 12 %, 2574 MiB, 8151 MiB, 44.05 W, [N/A], 2617 MHz, 12001 MHz
2026/07/04 19:14:39.747, 61, 100 %, 12 %, 2574 MiB, 8151 MiB, 44.14 W, [N/A], 2580 MHz, 12001 MHz
2026/07/04 19:14:40.748, 61, 100 %, 11 %, 2574 MiB, 8151 MiB, 44.09 W, [N/A], 2617 MHz, 12001 MHz
2026/07/04 19:14:41.748, 61, 100 %, 12 %, 2574 MiB, 8151 MiB, 44.42 W, [N/A], 2580 MHz, 12001 MHz
2026/07/04 19:14:42.749, 61, 100 %, 12 %, 2574 MiB, 8151 MiB, 44.01 W, [N/A], 2617 MHz, 12001 MHz
2026/07/04 19:14:43.750, 61, 100 %, 12 %, 2574 MiB, 8151 MiB, 44.19 W, [N/A], 2580 MHz, 12001 MHz
2026/07/04 19:14:44.751, 61, 100 %, 12 %, 2574 MiB, 8151 MiB, 43.96 W, [N/A], 2617 MHz, 12001 MHz
2026/07/04 19:14:45.752, 61, 100 %, 11 %, 2574 MiB, 8151 MiB, 44.43 W, [N/A], 2580 MHz, 12001 MHz
2026/07/04 19:14:46.752, 61, 100 %, 12 %, 2574 MiB, 8151 MiB, 44.01 W, [N/A], 2617 MHz, 12001 MHz
2026/07/04 19:14:47.753, 61, 100 %, 12 %, 2574 MiB, 8151 MiB, 44.46 W, [N/A], 2580 MHz, 12001 MHz
2026/07/04 19:14:48.755, 61, 100 %, 12 %, 2574 MiB, 8151 MiB, 43.92 W, [N/A], 2625 MHz, 12001 MHz
2026/07/04 19:14:49.755, 61, 100 %, 12 %, 2574 MiB, 8151 MiB, 44.40 W, [N/A], 2580 MHz, 12001 MHz
2026/07/04 19:14:50.756, 61, 100 %, 12 %, 2574 MiB, 8151 MiB, 43.92 W, [N/A], 2617 MHz, 12001 MHz
2026/07/04 19:14:51.757, 61, 100 %, 12 %, 2574 MiB, 8151 MiB, 44.51 W, [N/A], 2572 MHz, 12001 MHz
2026/07/04 19:14:52.757, 61, 100 %, 11 %, 2574 MiB, 8151 MiB, 44.05 W, [N/A], 2617 MHz, 12001 MHz
2026/07/04 19:14:53.759, 61, 100 %, 8 %, 2574 MiB, 8151 MiB, 44.40 W, [N/A], 2580 MHz, 12001 MHz
2026/07/04 19:14:54.760, 61, 100 %, 12 %, 2574 MiB, 8151 MiB, 43.97 W, [N/A], 2617 MHz, 12001 MHz
2026/07/04 19:14:55.761, 61, 100 %, 8 %, 2574 MiB, 8151 MiB, 44.42 W, [N/A], 2580 MHz, 12001 MHz
2026/07/04 19:14:56.761, 57, 100 %, 12 %, 2 MiB, 8151 MiB, 38.57 W, [N/A], 2280 MHz, 12001 MHz
2026/07/04 19:14:57.762, 56, 0 %, 0 %, 2 MiB, 8151 MiB, 10.92 W, [N/A], 2085 MHz, 11001 MHz
2026/07/04 19:14:58.763, 56, 0 %, 0 %, 2 MiB, 8151 MiB, 10.84 W, [N/A], 2085 MHz, 11001 MHz
2026/07/04 19:14:59.763, 55, 0 %, 0 %, 2 MiB, 8151 MiB, 8.96 W, [N/A], 180 MHz, 9001 MHz
2026/07/04 19:15:00.764, 55, 0 %, 0 %, 2 MiB, 8151 MiB, 7.47 W, [N/A], 180 MHz, 9001 MHz
